{"outcome" : "success", "result" : {"management-major-version" : 4, "management-micro-version" : 0, "management-minor-version" : 2, "name" : "dou-it-2", "namespaces" : [], "organization" : null, "product-name" : "WildFly Full", "product-version" : "10.1.0.Final", "profile-name" : null, "release-codename" : "Kenny", "release-version" : "2.2.0.Final", "schema-locations" : [], "core-service" : {"management" : {"access" : {"audit" : {"file-handler" : {"file" : {"formatter" : "json-formatter", "max-failure-count" : 10, "path" : "audit-log.log", "relative-to" : "jboss.server.data.dir"}}, "in-memory-handler" : null, "json-formatter" : {"json-formatter" : {"compact" : false, "date-format" : "yyyy-MM-dd HH:mm:ss", "date-separator" : " - ", "escape-control-characters" : false, "escape-new-line" : false, "include-date" : true}}, "logger" : {"audit-log" : {"enabled" : false, "log-boot" : true, "log-read-only" : false, "handler" : {"file" : {}}}}, "periodic-rotating-file-handler" : null, "size-rotating-file-handler" : null, "syslog-handler" : null}, "authorization" : {"permission-combination-policy" : "permissive", "provider" : "simple", "constraint" : {"application-classification" : {"type" : {"core" : {"classification" : {"deployment" : {"configured-application" : null, "default-application" : true, "applies-to" : null}}}, "datasources" : {"classification" : {"data-source" : {"configured-application" : null, "default-application" : false, "applies-to" : null}, "jdbc-driver" : {"configured-application" : null, "default-application" : false, "applies-to" : null}, "xa-data-source" : {"configured-application" : null, "default-application" : false, "applies-to" : null}}}, "logging" : {"classification" : {"logger" : {"configured-application" : null, "default-application" : false, "applies-to" : null}, "logging-profile" : {"configured-application" : null, "default-application" : false, "applies-to" : null}}}, "mail" : {"classification" : {"mail-session" : {"configured-application" : null, "default-application" : false, "applies-to" : null}}}, "naming" : {"classification" : {"binding" : {"configured-application" : null, "default-application" : false, "applies-to" : null}}}, "resource-adapters" : {"classification" : {"resource-adapter" : {"configured-application" : null, "default-application" : false, "applies-to" : null}}}, "security" : {"classification" : {"security-domain" : {"configured-application" : null, "default-application" : false, "applies-to" : null}}}}}, "sensitivity-classification" : {"type" : {"core" : {"classification" : {"access-control" : {"configured-requires-addressable" : null, "configured-requires-read" : null, "configured-requires-write" : null, "default-requires-addressable" : true, "default-requires-read" : true, "default-requires-write" : true, "applies-to" : null}, "credential" : {"configured-requires-addressable" : null, "configured-requires-read" : null, "configured-requires-write" : null, "default-requires-addressable" : false, "default-requires-read" : true, "default-requires-write" : true, "applies-to" : null}, "domain-controller" : {"configured-requires-addressable" : null, "configured-requires-read" : null, "configured-requires-write" : null, "default-requires-addressable" : false, "default-requires-read" : false, "default-requires-write" : true, "applies-to" : null}, "domain-names" : {"configured-requires-addressable" : null, "configured-requires-read" : null, "configured-requires-write" : null, "default-requires-addressable" : false, "default-requires-read" : false, "default-requires-write" : true, "applies-to" : null}, "extensions" : {"configured-requires-addressable" : null, "configured-requires-read" : null, "configured-requires-write" : null, "default-requires-addressable" : false, "default-requires-read" : false, "default-requires-write" : true, "applies-to" : null}, "jvm" : {"configured-requires-addressable" : null, "configured-requires-read" : null, "configured-requires-write" : null, "default-requires-addressable" : false, "default-requires-read" : false, "default-requires-write" : true, "applies-to" : null}, "management-interfaces" : {"configured-requires-addressable" : null, "configured-requires-read" : null, "configured-requires-write" : null, "default-requires-addressable" : false, "default-requires-read" : false, "default-requires-write" : true, "applies-to" : null}, "module-loading" : {"configured-requires-addressable" : null, "configured-requires-read" : null, "configured-requires-write" : null, "default-requires-addressable" : false, "default-requires-read" : false, "default-requires-write" : true, "applies-to" : null}, "patching" : {"configured-requires-addressable" : null, "configured-requires-read" : null, "configured-requires-write" : null, "default-requires-addressable" : false, "default-requires-read" : false, "default-requires-write" : true, "applies-to" : null}, "read-whole-config" : {"configured-requires-addressable" : null, "configured-requires-read" : null, "configured-requires-write" : null, "default-requires-addressable" : false, "default-requires-read" : true, "default-requires-write" : true, "applies-to" : null}, "security-domain" : {"configured-requires-addressable" : null, "configured-requires-read" : null, "configured-requires-write" : null, "default-requires-addressable" : true, "default-requires-read" : true, "default-requires-write" : true, "applies-to" : null}, "security-domain-ref" : {"configured-requires-addressable" : null, "configured-requires-read" : null, "configured-requires-write" : null, "default-requires-addressable" : true, "default-requires-read" : true, "default-requires-write" : true, "applies-to" : null}, "security-realm" : {"configured-requires-addressable" : null, "configured-requires-read" : null, "configured-requires-write" : null, "default-requires-addressable" : true, "default-requires-read" : true, "default-requires-write" : true, "applies-to" : null}, "security-realm-ref" : {"configured-requires-addressable" : null, "configured-requires-read" : null, "configured-requires-write" : null, "default-requires-addressable" : true, "default-requires-read" : true, "default-requires-write" : true, "applies-to" : null}, "security-vault" : {"configured-requires-addressable" : null, "configured-requires-read" : null, "configured-requires-write" : null, "default-requires-addressable" : false, "default-requires-read" : true, "default-requires-write" : true, "applies-to" : null}, "server-ssl" : {"configured-requires-addressable" : null, "configured-requires-read" : null, "configured-requires-write" : null, "default-requires-addressable" : true, "default-requires-read" : true, "default-requires-write" : true, "applies-to" : null}, "service-container" : {"configured-requires-addressable" : null, "configured-requires-read" : null, "configured-requires-write" : null, "default-requires-addressable" : false, "default-requires-read" : false, "default-requires-write" : true, "applies-to" : null}, "snapshots" : {"configured-requires-addressable" : null, "configured-requires-read" : null, "configured-requires-write" : null, "default-requires-addressable" : false, "default-requires-read" : false, "default-requires-write" : false, "applies-to" : null}, "socket-binding-ref" : {"configured-requires-addressable" : null, "configured-requires-read" : null, "configured-requires-write" : null, "default-requires-addressable" : false, "default-requires-read" : false, "default-requires-write" : false, "applies-to" : null}, "socket-config" : {"configured-requires-addressable" : null, "configured-requires-read" : null, "configured-requires-write" : null, "default-requires-addressable" : false, "default-requires-read" : false, "default-requires-write" : true, "applies-to" : null}, "system-property" : {"configured-requires-addressable" : null, "configured-requires-read" : null, "configured-requires-write" : null, "default-requires-addressable" : false, "default-requires-read" : false, "default-requires-write" : true, "applies-to" : null}}}, "datasources" : {"classification" : {"data-source-security" : {"configured-requires-addressable" : null, "configured-requires-read" : null, "configured-requires-write" : null, "default-requires-addressable" : false, "default-requires-read" : true, "default-requires-write" : true, "applies-to" : null}}}, "jdr" : {"classification" : {"jdr" : {"configured-requires-addressable" : null, "configured-requires-read" : null, "configured-requires-write" : null, "default-requires-addressable" : false, "default-requires-read" : false, "default-requires-write" : true, "applies-to" : null}}}, "jmx" : {"classification" : {"jmx" : {"configured-requires-addressable" : null, "configured-requires-read" : null, "configured-requires-write" : null, "default-requires-addressable" : false, "default-requires-read" : false, "default-requires-write" : true, "applies-to" : null}}}, "logging" : {"classification" : {"view-server-logs" : {"configured-requires-addressable" : null, "configured-requires-read" : null, "configured-requires-write" : null, "default-requires-addressable" : false, "default-requires-read" : false, "default-requires-write" : false, "applies-to" : null}}}, "mail" : {"classification" : {"mail-server-security" : {"configured-requires-addressable" : null, "configured-requires-read" : null, "configured-requires-write" : null, "default-requires-addressable" : false, "default-requires-read" : false, "default-requires-write" : true, "applies-to" : null}}}, "naming" : {"classification" : {"jndi-view" : {"configured-requires-addressable" : null, "configured-requires-read" : null, "configured-requires-write" : null, "default-requires-addressable" : false, "default-requires-read" : true, "default-requires-write" : true, "applies-to" : null}, "naming-binding" : {"configured-requires-addressable" : null, "configured-requires-read" : null, "configured-requires-write" : null, "default-requires-addressable" : false, "default-requires-read" : false, "default-requires-write" : false, "applies-to" : null}}}, "remoting" : {"classification" : {"remoting-security" : {"configured-requires-addressable" : null, "configured-requires-read" : null, "configured-requires-write" : null, "default-requires-addressable" : false, "default-requires-read" : true, "default-requires-write" : true, "applies-to" : null}}}, "resource-adapters" : {"classification" : {"resource-adapter-security" : {"configured-requires-addressable" : null, "configured-requires-read" : null, "configured-requires-write" : null, "default-requires-addressable" : false, "default-requires-read" : true, "default-requires-write" : true, "applies-to" : null}}}, "security" : {"classification" : {"misc-security" : {"configured-requires-addressable" : null, "configured-requires-read" : null, "configured-requires-write" : null, "default-requires-addressable" : false, "default-requires-read" : true, "default-requires-write" : true, "applies-to" : null}}}, "undertow" : {"classification" : {"undertow-filter" : {"configured-requires-addressable" : null, "configured-requires-read" : null, "configured-requires-write" : null, "default-requires-addressable" : false, "default-requires-read" : false, "default-requires-write" : false, "applies-to" : null}, "undertow-handler" : {"configured-requires-addressable" : null, "configured-requires-read" : null, "configured-requires-write" : null, "default-requires-addressable" : false, "default-requires-read" : false, "default-requires-write" : false, "applies-to" : null}, "web-access-log" : {"configured-requires-addressable" : null, "configured-requires-read" : null, "configured-requires-write" : null, "default-requires-addressable" : false, "default-requires-read" : false, "default-requires-write" : false, "applies-to" : null}, "web-connector" : {"configured-requires-addressable" : null, "configured-requires-read" : null, "configured-requires-write" : null, "default-requires-addressable" : false, "default-requires-read" : false, "default-requires-write" : false, "applies-to" : null}}}}}, "vault-expression" : {"configured-requires-read" : null, "configured-requires-write" : null, "default-requires-read" : true, "default-requires-write" : true}}, "role-mapping" : {"SuperUser" : {"include-all" : false, "exclude" : null, "include" : {"user-$local" : {"name" : "$local", "realm" : null, "type" : "USER"}}}}}}, "ldap-connection" : null, "management-interface" : {"http-interface" : {"allowed-origins" : null, "console-enabled" : true, "http-upgrade-enabled" : true, "sasl-protocol" : "remote", "secure-socket-binding" : null, "security-realm" : "ManagementRealm", "server-name" : null, "socket-binding" : "management-http"}}, "security-realm" : {"ManagementRealm" : {"map-groups-to-roles" : false, "authentication" : {"local" : {"allowed-users" : null, "default-user" : "$local", "skip-group-loading" : true}, "properties" : {"path" : "mgmt-users.properties", "plain-text" : false, "relative-to" : "jboss.server.config.dir"}}, "authorization" : {"properties" : {"path" : "mgmt-groups.properties", "relative-to" : "jboss.server.config.dir"}}, "plug-in" : null, "server-identity" : null}, "ApplicationRealm" : {"map-groups-to-roles" : true, "authentication" : {"local" : {"allowed-users" : "*", "default-user" : "$local", "skip-group-loading" : true}, "properties" : {"path" : "application-users.properties", "plain-text" : false, "relative-to" : "jboss.server.config.dir"}}, "authorization" : {"properties" : {"path" : "application-roles.properties", "relative-to" : "jboss.server.config.dir"}}, "plug-in" : null, "server-identity" : {"ssl" : {"alias" : "server", "enabled-cipher-suites" : null, "enabled-protocols" : ["TLSv1","TLSv1.1","TLSv1.2"], "generate-self-signed-certificate-host" : "localhost", "key-password" : "password", "keystore-password" : "password", "keystore-path" : "application.keystore", "keystore-provider" : "JKS", "keystore-relative-to" : "jboss.server.config.dir", "protocol" : "TLS"}}}}, "service" : null}, "service-container" : {}, "server-environment" : {}, "patching" : {"addon" : null, "layer" : {"base" : {}}, "patch-stream" : {"WildFly Full" : {"addon" : null, "layer" : {"base" : {}}}}}, "module-loading" : {}}, "deployment" : {"jTDS" : {"content" : [{"hash" : { "BYTES_VALUE" : "H8TRfvqA3DdXZ7DBAGWEF1IS6dw=" }}], "enabled" : true, "enabled-time" : 1496240990558, "enabled-timestamp" : "2017-05-31 15:29:50,558 BST", "name" : "jTDS", "owner" : null, "persistent" : true, "runtime-name" : "jTDS", "subdeployment" : null, "subsystem" : {"logging" : {"configuration" : null}}}}, "deployment-overlay" : null, "extension" : {"org.jboss.as.clustering.infinispan" : {"module" : "org.jboss.as.clustering.infinispan", "subsystem" : null}, "org.jboss.as.connector" : {"module" : "org.jboss.as.connector", "subsystem" : null}, "org.jboss.as.deployment-scanner" : {"module" : "org.jboss.as.deployment-scanner", "subsystem" : null}, "org.jboss.as.ee" : {"module" : "org.jboss.as.ee", "subsystem" : null}, "org.jboss.as.ejb3" : {"module" : "org.jboss.as.ejb3", "subsystem" : null}, "org.jboss.as.jaxrs" : {"module" : "org.jboss.as.jaxrs", "subsystem" : null}, "org.jboss.as.jdr" : {"module" : "org.jboss.as.jdr", "subsystem" : null}, "org.jboss.as.jmx" : {"module" : "org.jboss.as.jmx", "subsystem" : null}, "org.jboss.as.jpa" : {"module" : "org.jboss.as.jpa", "subsystem" : null}, "org.jboss.as.jsf" : {"module" : "org.jboss.as.jsf", "subsystem" : null}, "org.jboss.as.logging" : {"module" : "org.jboss.as.logging", "subsystem" : null}, "org.jboss.as.mail" : {"module" : "org.jboss.as.mail", "subsystem" : null}, "org.jboss.as.naming" : {"module" : "org.jboss.as.naming", "subsystem" : null}, "org.jboss.as.pojo" : {"module" : "org.jboss.as.pojo", "subsystem" : null}, "org.jboss.as.remoting" : {"module" : "org.jboss.as.remoting", "subsystem" : null}, "org.jboss.as.sar" : {"module" : "org.jboss.as.sar", "subsystem" : null}, "org.jboss.as.security" : {"module" : "org.jboss.as.security", "subsystem" : null}, "org.jboss.as.transactions" : {"module" : "org.jboss.as.transactions", "subsystem" : null}, "org.jboss.as.webservices" : {"module" : "org.jboss.as.webservices", "subsystem" : null}, "org.jboss.as.weld" : {"module" : "org.jboss.as.weld", "subsystem" : null}, "org.wildfly.extension.batch.jberet" : {"module" : "org.wildfly.extension.batch.jberet", "subsystem" : null}, "org.wildfly.extension.bean-validation" : {"module" : "org.wildfly.extension.bean-validation", "subsystem" : null}, "org.wildfly.extension.io" : {"module" : "org.wildfly.extension.io", "subsystem" : null}, "org.wildfly.extension.request-controller" : {"module" : "org.wildfly.extension.request-controller", "subsystem" : null}, "org.wildfly.extension.security.manager" : {"module" : "org.wildfly.extension.security.manager", "subsystem" : null}, "org.wildfly.extension.undertow" : {"module" : "org.wildfly.extension.undertow", "subsystem" : null}}, "interface" : {"management" : {"any" : null, "any-address" : null, "inet-address" : { "EXPRESSION_VALUE" : "${jboss.bind.address.management:127.0.0.1}" }, "link-local-address" : null, "loopback" : null, "loopback-address" : null, "multicast" : null, "name" : "management", "nic" : null, "nic-match" : null, "not" : null, "point-to-point" : null, "public-address" : null, "site-local-address" : null, "subnet-match" : null, "up" : null, "virtual" : null}, "public" : {"any" : null, "any-address" : null, "inet-address" : { "EXPRESSION_VALUE" : "${jboss.bind.address:127.0.0.1}" }, "link-local-address" : null, "loopback" : null, "loopback-address" : null, "multicast" : null, "name" : "public", "nic" : null, "nic-match" : null, "not" : null, "point-to-point" : null, "public-address" : null, "site-local-address" : null, "subnet-match" : null, "up" : null, "virtual" : null}}, "path" : {"jboss.server.log.dir" : {"name" : "jboss.server.log.dir", "path" : "C:\\Users\\it2\\wildfly-10.0.0.Final\\standalone\\log", "read-only" : true, "relative-to" : null}, "jboss.server.data.dir" : {"name" : "jboss.server.data.dir", "path" : "C:\\Users\\it2\\wildfly-10.0.0.Final\\standalone\\data", "read-only" : true, "relative-to" : null}, "jboss.server.base.dir" : {"name" : "jboss.server.base.dir", "path" : "C:\\Users\\it2\\wildfly-10.0.0.Final\\standalone", "read-only" : true, "relative-to" : null}, "jboss.server.config.dir" : {"name" : "jboss.server.config.dir", "path" : "C:\\Users\\it2\\wildfly-10.0.0.Final\\standalone\\configuration", "read-only" : true, "relative-to" : null}, "user.dir" : {"name" : "user.dir", "path" : "C:\\Users\\it2\\wildfly-10.0.0.Final\\bin", "read-only" : true, "relative-to" : null}, "user.home" : {"name" : "user.home", "path" : "C:\\Users\\it2", "read-only" : true, "relative-to" : null}, "jboss.server.temp.dir" : {"name" : "jboss.server.temp.dir", "path" : "C:\\Users\\it2\\wildfly-10.0.0.Final\\standalone\\tmp", "read-only" : true, "relative-to" : null}, "jboss.controller.temp.dir" : {"name" : "jboss.controller.temp.dir", "path" : "C:\\Users\\it2\\wildfly-10.0.0.Final\\standalone\\tmp", "read-only" : true, "relative-to" : null}, "jboss.home.dir" : {"name" : "jboss.home.dir", "path" : "C:\\Users\\it2\\wildfly-10.0.0.Final", "read-only" : true, "relative-to" : null}, "java.home" : {"name" : "java.home", "path" : "C:\\Program Files\\Java\\jre1.8.0_131", "read-only" : true, "relative-to" : null}}, "socket-binding-group" : {"standard-sockets" : {"default-interface" : "public", "name" : "standard-sockets", "port-offset" : { "EXPRESSION_VALUE" : "${jboss.socket.binding.port-offset:0}" }, "local-destination-outbound-socket-binding" : null, "remote-destination-outbound-socket-binding" : {"mail-smtp" : {"fixed-source-port" : false, "host" : "localhost", "port" : 25, "source-interface" : null, "source-port" : null}}, "socket-binding" : {"management-http" : {"client-mappings" : null, "fixed-port" : false, "interface" : "management", "multicast-address" : null, "multicast-port" : null, "name" : "management-http", "port" : { "EXPRESSION_VALUE" : "${jboss.management.http.port:9990}" }}, "management-https" : {"client-mappings" : null, "fixed-port" : false, "interface" : "management", "multicast-address" : null, "multicast-port" : null, "name" : "management-https", "port" : { "EXPRESSION_VALUE" : "${jboss.management.https.port:9993}" }}, "ajp" : {"client-mappings" : null, "fixed-port" : false, "interface" : null, "multicast-address" : null, "multicast-port" : null, "name" : "ajp", "port" : { "EXPRESSION_VALUE" : "${jboss.ajp.port:8009}" }}, "http" : {"client-mappings" : null, "fixed-port" : false, "interface" : null, "multicast-address" : null, "multicast-port" : null, "name" : "http", "port" : { "EXPRESSION_VALUE" : "${jboss.http.port:8080}" }}, "https" : {"client-mappings" : null, "fixed-port" : false, "interface" : null, "multicast-address" : null, "multicast-port" : null, "name" : "https", "port" : { "EXPRESSION_VALUE" : "${jboss.https.port:8443}" }}, "txn-recovery-environment" : {"client-mappings" : null, "fixed-port" : false, "interface" : null, "multicast-address" : null, "multicast-port" : null, "name" : "txn-recovery-environment", "port" : 4712}, "txn-status-manager" : {"client-mappings" : null, "fixed-port" : false, "interface" : null, "multicast-address" : null, "multicast-port" : null, "name" : "txn-status-manager", "port" : 4713}}}}, "subsystem" : {"jaxrs" : {}, "jpa" : {"default-datasource" : "", "default-extended-persistence-inheritance" : "DEEP"}, "ee" : {"annotation-property-replacement" : false, "ear-subdeployments-isolated" : false, "global-modules" : null, "jboss-descriptor-property-replacement" : true, "spec-descriptor-property-replacement" : false, "context-service" : {"default" : {"jndi-name" : "java:jboss/ee/concurrency/context/default", "use-transaction-setup-provider" : true}}, "managed-executor-service" : {"default" : {"context-service" : "default", "core-threads" : null, "hung-task-threshold" : 60000, "jndi-name" : "java:jboss/ee/concurrency/executor/default", "keepalive-time" : 5000, "long-running-tasks" : false, "max-threads" : null, "queue-length" : null, "reject-policy" : "ABORT", "thread-factory" : null}}, "managed-scheduled-executor-service" : {"default" : {"context-service" : "default", "core-threads" : null, "hung-task-threshold" : 60000, "jndi-name" : "java:jboss/ee/concurrency/scheduler/default", "keepalive-time" : 3000, "long-running-tasks" : false, "reject-policy" : "ABORT", "thread-factory" : null}}, "managed-thread-factory" : {"default" : {"context-service" : "default", "jndi-name" : "java:jboss/ee/concurrency/factory/default", "priority" : 5}}, "service" : {"default-bindings" : {"context-service" : "java:jboss/ee/concurrency/context/default", "datasource" : "java:jboss/datasources/ExampleDS", "jms-connection-factory" : null, "managed-executor-service" : "java:jboss/ee/concurrency/executor/default", "managed-scheduled-executor-service" : "java:jboss/ee/concurrency/scheduler/default", "managed-thread-factory" : "java:jboss/ee/concurrency/factory/default"}}}, "transactions" : {"default-timeout" : 300, "enable-statistics" : false, "enable-tsm-status" : false, "hornetq-store-enable-async-io" : false, "jdbc-action-store-drop-table" : false, "jdbc-action-store-table-prefix" : null, "jdbc-communication-store-drop-table" : false, "jdbc-communication-store-table-prefix" : null, "jdbc-state-store-drop-table" : false, "jdbc-state-store-table-prefix" : null, "jdbc-store-datasource" : null, "journal-store-enable-async-io" : false, "jts" : false, "node-identifier" : "1", "object-store-path" : "tx-object-store", "object-store-relative-to" : "jboss.server.data.dir", "process-id-socket-binding" : null, "process-id-socket-max-ports" : 10, "process-id-uuid" : true, "recovery-listener" : false, "socket-binding" : "txn-recovery-environment", "statistics-enabled" : false, "status-socket-binding" : "txn-status-manager", "use-hornetq-store" : false, "use-jdbc-store" : false, "use-journal-store" : false, "commit-markable-resource" : null, "log-store" : {"log-store" : {"expose-all-logs" : false, "type" : "default", "transactions" : null}}}, "remoting" : {"worker-read-threads" : 1, "worker-task-core-threads" : 4, "worker-task-keepalive" : 60, "worker-task-limit" : 16384, "worker-task-max-threads" : 16, "worker-write-threads" : 1, "configuration" : {"endpoint" : {"auth-realm" : null, "authentication-retries" : 3, "authorize-id" : null, "buffer-region-size" : null, "heartbeat-interval" : 2147483647, "max-inbound-channels" : 40, "max-inbound-message-size" : 9223372036854775807, "max-inbound-messages" : 80, "max-outbound-channels" : 40, "max-outbound-message-size" : 9223372036854775807, "max-outbound-messages" : 65535, "receive-buffer-size" : 8192, "receive-window-size" : 131072, "sasl-protocol" : "remoting", "send-buffer-size" : 8192, "server-name" : null, "transmit-window-size" : 131072, "worker" : "default"}}, "connector" : null, "http-connector" : {"http-remoting-connector" : {"authentication-provider" : null, "connector-ref" : "default", "sasl-protocol" : "remote", "security-realm" : "ApplicationRealm", "server-name" : null, "property" : null, "security" : null}}, "local-outbound-connection" : null, "outbound-connection" : null, "remote-outbound-connection" : null}, "jmx" : {"non-core-mbean-sensitivity" : false, "configuration" : null, "expose-model" : {"resolved" : {"domain-name" : "jboss.as", "proper-property-format" : true}, "expression" : {"domain-name" : "jboss.as.expr"}}, "remoting-connector" : {"jmx" : {"use-management-endpoint" : true}}}, "security" : {"deep-copy-subject-mode" : false, "security-domain" : {"other" : {"cache-type" : "default", "acl" : null, "audit" : null, "authentication" : {"classic" : {"login-modules" : [{"code" : "Remoting", "flag" : "optional", "module" : null, "module-options" : {"password-stacking" : "useFirstPass"}},{"code" : "RealmDirect", "flag" : "required", "module" : null, "module-options" : {"password-stacking" : "useFirstPass"}}], "login-module" : {"Remoting" : {"code" : "Remoting", "flag" : "optional", "module" : null, "module-options" : {"password-stacking" : "useFirstPass"}}, "RealmDirect" : {"code" : "RealmDirect", "flag" : "required", "module" : null, "module-options" : {"password-stacking" : "useFirstPass"}}}}}, "authorization" : null, "identity-trust" : null, "jsse" : null, "mapping" : null}, "jboss-web-policy" : {"cache-type" : "default", "acl" : null, "audit" : null, "authentication" : null, "authorization" : {"classic" : {"policy-modules" : [{"code" : "Delegating", "flag" : "required", "module" : null, "module-options" : null}], "policy-module" : {"Delegating" : {"code" : "Delegating", "flag" : "required", "module" : null, "module-options" : null}}}}, "identity-trust" : null, "jsse" : null, "mapping" : null}, "jboss-ejb-policy" : {"cache-type" : "default", "acl" : null, "audit" : null, "authentication" : null, "authorization" : {"classic" : {"policy-modules" : [{"code" : "Delegating", "flag" : "required", "module" : null, "module-options" : null}], "policy-module" : {"Delegating" : {"code" : "Delegating", "flag" : "required", "module" : null, "module-options" : null}}}}, "identity-trust" : null, "jsse" : null, "mapping" : null}, "jaspitest" : {"cache-type" : "default", "acl" : null, "audit" : null, "authentication" : {"jaspi" : {"auth-modules" : [{"code" : "Dummy", "flag" : null, "login-module-stack-ref" : null, "module-options" : null, "module" : null}], "auth-module" : {"Dummy" : {"code" : "Dummy", "flag" : null, "login-module-stack-ref" : null, "module" : null, "module-options" : null}}, "login-module-stack" : {"dummy" : {"login-modules" : [{"code" : "Dummy", "flag" : "optional", "module" : null, "module-options" : null}], "login-module" : {"Dummy" : {"code" : "Dummy", "flag" : "optional", "module" : null, "module-options" : null}}}}}}, "authorization" : null, "identity-trust" : null, "jsse" : null, "mapping" : null}}, "vault" : null}, "weld" : {"development-mode" : false, "non-portable-mode" : false, "require-bean-descriptor" : false}, "pojo" : {}, "infinispan" : {"cache-container" : {"server" : {"aliases" : null, "default-cache" : "default", "eviction-executor" : null, "jndi-name" : null, "listener-executor" : null, "module" : "org.wildfly.clustering.server", "replication-queue-executor" : null, "start" : "LAZY", "statistics-enabled" : false, "distributed-cache" : null, "invalidation-cache" : null, "local-cache" : {"default" : {"batching" : false, "indexing" : "NONE", "indexing-properties" : null, "jndi-name" : null, "module" : null, "start" : "LAZY", "statistics-enabled" : false, "component" : {"expiration" : {"interval" : 60000, "lifespan" : -1, "max-idle" : -1}, "eviction" : {"max-entries" : -1, "strategy" : "NONE"}, "locking" : {"acquire-timeout" : 15000, "concurrency-level" : 1000, "isolation" : "READ_COMMITTED", "striping" : false}, "transaction" : {"locking" : "PESSIMISTIC", "mode" : "BATCH", "stop-timeout" : 10000}}, "store" : {"none" : {}}}}, "replicated-cache" : null, "thread-pool" : {"transport" : {"keepalive-time" : 60000, "max-threads" : 25, "min-threads" : 25, "queue-length" : 100000}, "async-operations" : {"keepalive-time" : 60000, "max-threads" : 25, "min-threads" : 25, "queue-length" : 1000}, "remote-command" : {"keepalive-time" : 60000, "max-threads" : 200, "min-threads" : 1, "queue-length" : 0}, "state-transfer" : {"keepalive-time" : 60000, "max-threads" : 60, "min-threads" : 1, "queue-length" : 0}, "listener" : {"keepalive-time" : 60000, "max-threads" : 1, "min-threads" : 1, "queue-length" : 100000}, "expiration" : {"keepalive-time" : 60000, "max-threads" : 1}, "persistence" : {"keepalive-time" : 60000, "max-threads" : 4, "min-threads" : 1, "queue-length" : 0}}, "transport" : {"none" : {}}}, "web" : {"aliases" : null, "default-cache" : "passivation", "eviction-executor" : null, "jndi-name" : null, "listener-executor" : null, "module" : "org.wildfly.clustering.web.infinispan", "replication-queue-executor" : null, "start" : "LAZY", "statistics-enabled" : false, "distributed-cache" : null, "invalidation-cache" : null, "local-cache" : {"passivation" : {"batching" : false, "indexing" : "NONE", "indexing-properties" : null, "jndi-name" : null, "module" : null, "start" : "LAZY", "statistics-enabled" : false, "component" : {"expiration" : {"interval" : 60000, "lifespan" : -1, "max-idle" : -1}, "eviction" : {"max-entries" : -1, "strategy" : "NONE"}, "locking" : {"acquire-timeout" : 15000, "concurrency-level" : 1000, "isolation" : "REPEATABLE_READ", "striping" : false}, "transaction" : {"locking" : "PESSIMISTIC", "mode" : "BATCH", "stop-timeout" : 10000}}, "store" : {"file" : {"fetch-state" : true, "passivation" : true, "path" : null, "preload" : false, "properties" : null, "purge" : false, "relative-to" : "jboss.server.data.dir", "shared" : false, "singleton" : false, "property" : null, "write" : {"through" : {}}}}}, "persistent" : {"batching" : false, "indexing" : "NONE", "indexing-properties" : null, "jndi-name" : null, "module" : null, "start" : "LAZY", "statistics-enabled" : false, "component" : {"expiration" : {"interval" : 60000, "lifespan" : -1, "max-idle" : -1}, "eviction" : {"max-entries" : -1, "strategy" : "NONE"}, "locking" : {"acquire-timeout" : 15000, "concurrency-level" : 1000, "isolation" : "REPEATABLE_READ", "striping" : false}, "transaction" : {"locking" : "PESSIMISTIC", "mode" : "BATCH", "stop-timeout" : 10000}}, "store" : {"file" : {"fetch-state" : true, "passivation" : false, "path" : null, "preload" : false, "properties" : null, "purge" : false, "relative-to" : "jboss.server.data.dir", "shared" : false, "singleton" : false, "property" : null, "write" : {"through" : {}}}}}, "concurrent" : {"batching" : false, "indexing" : "NONE", "indexing-properties" : null, "jndi-name" : null, "module" : null, "start" : "LAZY", "statistics-enabled" : false, "component" : {"expiration" : {"interval" : 60000, "lifespan" : -1, "max-idle" : -1}, "eviction" : {"max-entries" : -1, "strategy" : "NONE"}, "locking" : {"acquire-timeout" : 15000, "concurrency-level" : 1000, "isolation" : "READ_COMMITTED", "striping" : false}, "transaction" : {"locking" : "PESSIMISTIC", "mode" : "NONE", "stop-timeout" : 10000}}, "store" : {"file" : {"fetch-state" : true, "passivation" : true, "path" : null, "preload" : false, "properties" : null, "purge" : false, "relative-to" : "jboss.server.data.dir", "shared" : false, "singleton" : false, "property" : null, "write" : {"through" : {}}}}}}, "replicated-cache" : null, "thread-pool" : {"transport" : {"keepalive-time" : 60000, "max-threads" : 25, "min-threads" : 25, "queue-length" : 100000}, "async-operations" : {"keepalive-time" : 60000, "max-threads" : 25, "min-threads" : 25, "queue-length" : 1000}, "remote-command" : {"keepalive-time" : 60000, "max-threads" : 200, "min-threads" : 1, "queue-length" : 0}, "state-transfer" : {"keepalive-time" : 60000, "max-threads" : 60, "min-threads" : 1, "queue-length" : 0}, "listener" : {"keepalive-time" : 60000, "max-threads" : 1, "min-threads" : 1, "queue-length" : 100000}, "expiration" : {"keepalive-time" : 60000, "max-threads" : 1}, "persistence" : {"keepalive-time" : 60000, "max-threads" : 4, "min-threads" : 1, "queue-length" : 0}}, "transport" : {"none" : {}}}, "ejb" : {"aliases" : ["sfsb"], "default-cache" : "passivation", "eviction-executor" : null, "jndi-name" : null, "listener-executor" : null, "module" : "org.wildfly.clustering.ejb.infinispan", "replication-queue-executor" : null, "start" : "LAZY", "statistics-enabled" : false, "distributed-cache" : null, "invalidation-cache" : null, "local-cache" : {"passivation" : {"batching" : false, "indexing" : "NONE", "indexing-properties" : null, "jndi-name" : null, "module" : null, "start" : "LAZY", "statistics-enabled" : false, "component" : {"expiration" : {"interval" : 60000, "lifespan" : -1, "max-idle" : -1}, "eviction" : {"max-entries" : -1, "strategy" : "NONE"}, "locking" : {"acquire-timeout" : 15000, "concurrency-level" : 1000, "isolation" : "REPEATABLE_READ", "striping" : false}, "transaction" : {"locking" : "PESSIMISTIC", "mode" : "BATCH", "stop-timeout" : 10000}}, "store" : {"file" : {"fetch-state" : true, "passivation" : true, "path" : null, "preload" : false, "properties" : null, "purge" : false, "relative-to" : "jboss.server.data.dir", "shared" : false, "singleton" : false, "property" : null, "write" : {"through" : {}}}}}, "persistent" : {"batching" : false, "indexing" : "NONE", "indexing-properties" : null, "jndi-name" : null, "module" : null, "start" : "LAZY", "statistics-enabled" : false, "component" : {"expiration" : {"interval" : 60000, "lifespan" : -1, "max-idle" : -1}, "eviction" : {"max-entries" : -1, "strategy" : "NONE"}, "locking" : {"acquire-timeout" : 15000, "concurrency-level" : 1000, "isolation" : "REPEATABLE_READ", "striping" : false}, "transaction" : {"locking" : "PESSIMISTIC", "mode" : "BATCH", "stop-timeout" : 10000}}, "store" : {"file" : {"fetch-state" : true, "passivation" : false, "path" : null, "preload" : false, "properties" : null, "purge" : false, "relative-to" : "jboss.server.data.dir", "shared" : false, "singleton" : false, "property" : null, "write" : {"through" : {}}}}}}, "replicated-cache" : null, "thread-pool" : {"transport" : {"keepalive-time" : 60000, "max-threads" : 25, "min-threads" : 25, "queue-length" : 100000}, "async-operations" : {"keepalive-time" : 60000, "max-threads" : 25, "min-threads" : 25, "queue-length" : 1000}, "remote-command" : {"keepalive-time" : 60000, "max-threads" : 200, "min-threads" : 1, "queue-length" : 0}, "state-transfer" : {"keepalive-time" : 60000, "max-threads" : 60, "min-threads" : 1, "queue-length" : 0}, "listener" : {"keepalive-time" : 60000, "max-threads" : 1, "min-threads" : 1, "queue-length" : 100000}, "expiration" : {"keepalive-time" : 60000, "max-threads" : 1}, "persistence" : {"keepalive-time" : 60000, "max-threads" : 4, "min-threads" : 1, "queue-length" : 0}}, "transport" : {"none" : {}}}, "hibernate" : {"aliases" : null, "default-cache" : "local-query", "eviction-executor" : null, "jndi-name" : null, "listener-executor" : null, "module" : "org.hibernate.infinispan", "replication-queue-executor" : null, "start" : "LAZY", "statistics-enabled" : false, "distributed-cache" : null, "invalidation-cache" : null, "local-cache" : {"entity" : {"batching" : false, "indexing" : "NONE", "indexing-properties" : null, "jndi-name" : null, "module" : null, "start" : "LAZY", "statistics-enabled" : false, "component" : {"expiration" : {"interval" : 60000, "lifespan" : -1, "max-idle" : 100000}, "eviction" : {"max-entries" : 10000, "strategy" : "LRU"}, "locking" : {"acquire-timeout" : 15000, "concurrency-level" : 1000, "isolation" : "READ_COMMITTED", "striping" : false}, "transaction" : {"locking" : "PESSIMISTIC", "mode" : "NON_XA", "stop-timeout" : 10000}}, "store" : {"none" : {}}}, "local-query" : {"batching" : false, "indexing" : "NONE", "indexing-properties" : null, "jndi-name" : null, "module" : null, "start" : "LAZY", "statistics-enabled" : false, "component" : {"expiration" : {"interval" : 60000, "lifespan" : -1, "max-idle" : 100000}, "eviction" : {"max-entries" : 10000, "strategy" : "LRU"}, "locking" : {"acquire-timeout" : 15000, "concurrency-level" : 1000, "isolation" : "READ_COMMITTED", "striping" : false}, "transaction" : {"locking" : "PESSIMISTIC", "mode" : "NONE", "stop-timeout" : 10000}}, "store" : {"none" : {}}}, "timestamps" : {"batching" : false, "indexing" : "NONE", "indexing-properties" : null, "jndi-name" : null, "module" : null, "start" : "LAZY", "statistics-enabled" : false, "component" : {"expiration" : {"interval" : 60000, "lifespan" : -1, "max-idle" : -1}, "eviction" : {"max-entries" : -1, "strategy" : "NONE"}, "locking" : {"acquire-timeout" : 15000, "concurrency-level" : 1000, "isolation" : "READ_COMMITTED", "striping" : false}, "transaction" : {"locking" : "PESSIMISTIC", "mode" : "NONE", "stop-timeout" : 10000}}, "store" : {"none" : {}}}}, "replicated-cache" : null, "thread-pool" : {"transport" : {"keepalive-time" : 60000, "max-threads" : 25, "min-threads" : 25, "queue-length" : 100000}, "async-operations" : {"keepalive-time" : 60000, "max-threads" : 25, "min-threads" : 25, "queue-length" : 1000}, "remote-command" : {"keepalive-time" : 60000, "max-threads" : 200, "min-threads" : 1, "queue-length" : 0}, "state-transfer" : {"keepalive-time" : 60000, "max-threads" : 60, "min-threads" : 1, "queue-length" : 0}, "listener" : {"keepalive-time" : 60000, "max-threads" : 1, "min-threads" : 1, "queue-length" : 100000}, "expiration" : {"keepalive-time" : 60000, "max-threads" : 1}, "persistence" : {"keepalive-time" : 60000, "max-threads" : 4, "min-threads" : 1, "queue-length" : 0}}, "transport" : {"none" : {}}}}}, "jca" : {"archive-validation" : {"archive-validation" : {"enabled" : true, "fail-on-error" : true, "fail-on-warn" : false}}, "bean-validation" : {"bean-validation" : {"enabled" : true}}, "bootstrap-context" : {"default" : {"name" : "default", "workmanager" : "default"}}, "cached-connection-manager" : {"cached-connection-manager" : {"debug" : false, "error" : false, "ignore-unknown-connections" : false, "install" : true}}, "distributed-workmanager" : null, "tracer" : null, "workmanager" : {"default" : {"name" : "default", "long-running-threads" : {"default" : {"allow-core-timeout" : false, "core-threads" : 50, "handoff-executor" : null, "keepalive-time" : {"time" : 10, "unit" : "SECONDS"}, "max-threads" : 50, "name" : "default", "queue-length" : 50, "thread-factory" : null}}, "short-running-threads" : {"default" : {"allow-core-timeout" : false, "core-threads" : 50, "handoff-executor" : null, "keepalive-time" : {"time" : 10, "unit" : "SECONDS"}, "max-threads" : 50, "name" : "default", "queue-length" : 50, "thread-factory" : null}}, "statistics" : {"local" : {}}}}}, "request-controller" : {"active-requests" : null, "max-requests" : -1, "track-individual-endpoints" : false}, "undertow" : {"default-security-domain" : "other", "default-server" : "default-server", "default-servlet-container" : "default", "default-virtual-host" : "default-host", "instance-id" : { "EXPRESSION_VALUE" : "${jboss.node.name}" }, "statistics-enabled" : false, "buffer-cache" : {"default" : {"buffer-size" : 1024, "buffers-per-region" : 1024, "max-regions" : 10}}, "configuration" : {"filter" : {"custom-filter" : null, "error-page" : null, "expression-filter" : null, "gzip" : null, "mod-cluster" : null, "request-limit" : null, "response-header" : {"server-header" : {"header-name" : "Server", "header-value" : "WildFly/10"}, "x-powered-by-header" : {"header-name" : "X-Powered-By", "header-value" : "Undertow/1"}}, "rewrite" : null}, "handler" : {"file" : {"welcome-content" : {"cache-buffer-size" : 1024, "cache-buffers" : 1024, "case-sensitive" : true, "directory-listing" : false, "follow-symlink" : false, "path" : { "EXPRESSION_VALUE" : "${jboss.home.dir}/welcome-content" }, "safe-symlink-paths" : null}}, "reverse-proxy" : null}}, "server" : {"default-server" : {"default-host" : "default-host", "servlet-container" : "default", "ajp-listener" : null, "host" : {"default-host" : {"alias" : ["localhost"], "default-response-code" : 404, "default-web-module" : "ROOT.war", "disable-console-redirect" : false, "filter-ref" : {"server-header" : {"predicate" : null, "priority" : 1}, "x-powered-by-header" : {"predicate" : null, "priority" : 1}}, "location" : {"/" : {"handler" : "welcome-content", "filter-ref" : null}}, "setting" : null}}, "http-listener" : {"default" : {"allow-encoded-slash" : false, "allow-equals-in-cookie-value" : false, "always-set-keep-alive" : true, "buffer-pipelined-data" : false, "buffer-pool" : "default", "certificate-forwarding" : false, "decode-url" : true, "disallowed-methods" : ["TRACE"], "enable-http2" : true, "enabled" : true, "http2-enable-push" : true, "http2-header-table-size" : null, "http2-initial-window-size" : null, "http2-max-concurrent-streams" : null, "http2-max-frame-size" : null, "http2-max-header-list-size" : null, "max-buffered-request-size" : 16384, "max-connections" : null, "max-cookies" : 200, "max-header-size" : 1048576, "max-headers" : 200, "max-parameters" : 1000, "max-post-size" : 10485760, "no-request-timeout" : 60000, "proxy-address-forwarding" : false, "read-timeout" : null, "receive-buffer" : null, "record-request-start-time" : false, "redirect-socket" : "https", "request-parse-timeout" : null, "resolve-peer-address" : false, "secure" : false, "send-buffer" : null, "socket-binding" : "http", "tcp-backlog" : 10000, "tcp-keep-alive" : null, "url-charset" : "UTF-8", "worker" : "default", "write-timeout" : null}}, "https-listener" : {"https" : {"allow-encoded-slash" : false, "allow-equals-in-cookie-value" : false, "always-set-keep-alive" : true, "buffer-pipelined-data" : false, "buffer-pool" : "default", "decode-url" : true, "disallowed-methods" : ["TRACE"], "enable-http2" : true, "enable-spdy" : false, "enabled" : true, "enabled-cipher-suites" : null, "enabled-protocols" : null, "http2-enable-push" : true, "http2-header-table-size" : null, "http2-initial-window-size" : null, "http2-max-concurrent-streams" : null, "http2-max-frame-size" : null, "http2-max-header-list-size" : null, "max-buffered-request-size" : 16384, "max-connections" : null, "max-cookies" : 200, "max-header-size" : 1048576, "max-headers" : 200, "max-parameters" : 1000, "max-post-size" : 10485760, "no-request-timeout" : 60000, "read-timeout" : null, "receive-buffer" : null, "record-request-start-time" : false, "request-parse-timeout" : null, "resolve-peer-address" : false, "secure" : false, "security-realm" : "ApplicationRealm", "send-buffer" : null, "socket-binding" : "https", "ssl-session-cache-size" : null, "ssl-session-timeout" : null, "tcp-backlog" : 10000, "tcp-keep-alive" : null, "url-charset" : "UTF-8", "verify-client" : "NOT_REQUESTED", "worker" : "default", "write-timeout" : null}}}}, "servlet-container" : {"default" : {"allow-non-standard-wrappers" : false, "default-buffer-cache" : "default", "default-encoding" : null, "default-session-timeout" : 30, "directory-listing" : null, "disable-caching-for-secured-pages" : true, "eager-filter-initialization" : false, "ignore-flush" : false, "max-sessions" : null, "proactive-authentication" : true, "session-id-length" : 30, "stack-trace-on-error" : "local-only", "use-listener-encoding" : false, "mime-mapping" : null, "setting" : {"jsp" : {"check-interval" : 0, "development" : false, "disabled" : false, "display-source-fragment" : true, "dump-smap" : false, "error-on-use-bean-invalid-class-attribute" : false, "generate-strings-as-char-arrays" : false, "java-encoding" : "UTF8", "keep-generated" : true, "mapped-file" : true, "modification-test-interval" : 4, "optimize-scriptlets" : false, "recompile-on-fail" : false, "scratch-dir" : null, "smap" : true, "source-vm" : "1.8", "tag-pooling" : true, "target-vm" : "1.8", "trim-spaces" : false, "x-powered-by" : true}, "websockets" : {"buffer-pool" : "default", "dispatch-to-worker" : true, "worker" : "default"}}, "welcome-file" : null}}}, "bean-validation" : {}, "security-manager" : {"deployment-permissions" : {"default" : {"maximum-permissions" : [{"class" : "java.security.AllPermission"}], "minimum-permissions" : null}}}, "datasources" : {"data-source" : {"demoDS" : {"allocation-retry" : null, "allocation-retry-wait-millis" : null, "allow-multiple-users" : false, "background-validation" : null, "background-validation-millis" : null, "blocking-timeout-wait-millis" : null, "capacity-decrementer-class" : null, "capacity-decrementer-properties" : null, "capacity-incrementer-class" : null, "capacity-incrementer-properties" : null, "check-valid-connection-sql" : null, "connectable" : false, "connection-listener-class" : null, "connection-listener-property" : null, "connection-url" : "jdbc:jtds:sqlserver://127.0.0.1:54447/demo;instance=SQLEXPRESS;useNTLMv2=true;domain=doureca.local", "datasource-class" : null, "driver-class" : "net.sourceforge.jtds.jdbc.Driver", "driver-name" : "jTDS", "enabled" : true, "enlistment-trace" : true, "exception-sorter-class-name" : null, "exception-sorter-properties" : null, "flush-strategy" : null, "idle-timeout-minutes" : null, "initial-pool-size" : null, "jndi-name" : "java:jboss/datasources/demoDS", "jta" : true, "max-pool-size" : null, "mcp" : "org.jboss.jca.core.connectionmanager.pool.mcp.SemaphoreConcurrentLinkedDequeManagedConnectionPool", "min-pool-size" : null, "new-connection-sql" : null, "password" : null, "pool-fair" : null, "pool-prefill" : null, "pool-use-strict-min" : null, "prepared-statements-cache-size" : null, "query-timeout" : null, "reauth-plugin-class-name" : null, "reauth-plugin-properties" : null, "security-domain" : null, "set-tx-query-timeout" : false, "share-prepared-statements" : false, "spy" : false, "stale-connection-checker-class-name" : null, "stale-connection-checker-properties" : null, "statistics-enabled" : false, "track-statements" : "NOWARN", "tracking" : false, "transaction-isolation" : null, "url-delimiter" : null, "url-selector-strategy-class-name" : null, "use-ccm" : true, "use-fast-fail" : false, "use-java-context" : true, "use-try-lock" : null, "user-name" : null, "valid-connection-checker-class-name" : null, "valid-connection-checker-properties" : null, "validate-on-match" : null, "connection-properties" : null, "statistics" : null}, "ExampleDS" : {"allocation-retry" : null, "allocation-retry-wait-millis" : null, "allow-multiple-users" : false, "background-validation" : null, "background-validation-millis" : null, "blocking-timeout-wait-millis" : null, "capacity-decrementer-class" : null, "capacity-decrementer-properties" : null, "capacity-incrementer-class" : null, "capacity-incrementer-properties" : null, "check-valid-connection-sql" : null, "connectable" : false, "connection-listener-class" : null, "connection-listener-property" : null, "connection-url" : "jdbc:h2:mem:test;DB_CLOSE_DELAY=-1;DB_CLOSE_ON_EXIT=FALSE", "datasource-class" : null, "driver-class" : null, "driver-name" : "h2", "enabled" : true, "enlistment-trace" : true, "exception-sorter-class-name" : null, "exception-sorter-properties" : null, "flush-strategy" : null, "idle-timeout-minutes" : null, "initial-pool-size" : null, "jndi-name" : "java:jboss/datasources/ExampleDS", "jta" : true, "max-pool-size" : null, "mcp" : "org.jboss.jca.core.connectionmanager.pool.mcp.SemaphoreConcurrentLinkedDequeManagedConnectionPool", "min-pool-size" : null, "new-connection-sql" : null, "password" : "sa", "pool-fair" : null, "pool-prefill" : null, "pool-use-strict-min" : null, "prepared-statements-cache-size" : null, "query-timeout" : null, "reauth-plugin-class-name" : null, "reauth-plugin-properties" : null, "security-domain" : null, "set-tx-query-timeout" : false, "share-prepared-statements" : false, "spy" : false, "stale-connection-checker-class-name" : null, "stale-connection-checker-properties" : null, "statistics-enabled" : false, "track-statements" : "NOWARN", "tracking" : false, "transaction-isolation" : null, "url-delimiter" : null, "url-selector-strategy-class-name" : null, "use-ccm" : true, "use-fast-fail" : false, "use-java-context" : true, "use-try-lock" : null, "user-name" : "sa", "valid-connection-checker-class-name" : null, "valid-connection-checker-properties" : null, "validate-on-match" : null, "connection-properties" : null, "statistics" : null}}, "jdbc-driver" : {"h2" : {"deployment-name" : null, "driver-class-name" : null, "driver-datasource-class-name" : null, "driver-major-version" : null, "driver-minor-version" : null, "driver-module-name" : "com.h2database.h2", "driver-name" : "h2", "driver-xa-datasource-class-name" : "org.h2.jdbcx.JdbcDataSource", "jdbc-compliant" : null, "module-slot" : null, "profile" : null, "xa-datasource-class" : null}, "jTDS" : {"deployment-name" : null, "driver-class-name" : "net.sourceforge.jtds.jdbc.Driver", "driver-datasource-class-name" : null, "driver-major-version" : null, "driver-minor-version" : null, "driver-module-name" : "net.sourceforge.jtds", "driver-name" : "jTDS", "driver-xa-datasource-class-name" : "net.sourceforge.jtds.jdbcx.JtdsDataSource", "jdbc-compliant" : null, "module-slot" : null, "profile" : null, "xa-datasource-class" : null}}, "xa-data-source" : null}, "logging" : {"add-logging-api-dependencies" : true, "use-deployment-logging-config" : true, "async-handler" : null, "console-handler" : {"CONSOLE" : {"autoflush" : true, "enabled" : true, "encoding" : null, "filter" : null, "filter-spec" : null, "formatter" : "%d{HH:mm:ss,SSS} %-5p [%c] (%t) %s%e%n", "level" : "INFO", "name" : "CONSOLE", "named-formatter" : "COLOR-PATTERN", "target" : "System.out"}}, "custom-formatter" : null, "custom-handler" : null, "file-handler" : null, "log-file" : null, "logger" : {"com.arjuna" : {"category" : "com.arjuna", "filter" : null, "filter-spec" : null, "handlers" : null, "level" : "WARN", "use-parent-handlers" : true}, "org.jboss.as.config" : {"category" : "org.jboss.as.config", "filter" : null, "filter-spec" : null, "handlers" : null, "level" : "DEBUG", "use-parent-handlers" : true}, "sun.rmi" : {"category" : "sun.rmi", "filter" : null, "filter-spec" : null, "handlers" : null, "level" : "WARN", "use-parent-handlers" : true}}, "logging-profile" : null, "pattern-formatter" : {"PATTERN" : {"color-map" : null, "pattern" : "%d{yyyy-MM-dd HH:mm:ss,SSS} %-5p [%c] (%t) %s%e%n"}, "COLOR-PATTERN" : {"color-map" : null, "pattern" : "%K{level}%d{HH:mm:ss,SSS} %-5p [%c] (%t) %s%e%n"}}, "periodic-rotating-file-handler" : {"FILE" : {"append" : true, "autoflush" : true, "enabled" : true, "encoding" : null, "file" : {"relative-to" : "jboss.server.log.dir", "path" : "server.log"}, "filter" : null, "filter-spec" : null, "formatter" : "%d{HH:mm:ss,SSS} %-5p [%c] (%t) %s%e%n", "level" : "ALL", "name" : "FILE", "named-formatter" : "PATTERN", "suffix" : ".yyyy-MM-dd"}}, "periodic-size-rotating-file-handler" : null, "root-logger" : {"ROOT" : {"filter" : null, "filter-spec" : null, "handlers" : ["CONSOLE","FILE"], "level" : "INFO"}}, "size-rotating-file-handler" : null, "syslog-handler" : null}, "naming" : {"binding" : null, "service" : {"remote-naming" : {}}}, "webservices" : {"modify-wsdl-address" : true, "statistics-enabled" : false, "wsdl-host" : { "EXPRESSION_VALUE" : "${jboss.bind.address:127.0.0.1}" }, "wsdl-path-rewrite-rule" : null, "wsdl-port" : null, "wsdl-secure-port" : null, "wsdl-uri-scheme" : null, "client-config" : {"Standard-Client-Config" : {"post-handler-chain" : null, "pre-handler-chain" : null, "property" : null}}, "endpoint-config" : {"Standard-Endpoint-Config" : {"post-handler-chain" : null, "pre-handler-chain" : null, "property" : null}, "Recording-Endpoint-Config" : {"post-handler-chain" : null, "pre-handler-chain" : {"recording-handlers" : {"protocol-bindings" : "##SOAP11_HTTP ##SOAP11_HTTP_MTOM ##SOAP12_HTTP ##SOAP12_HTTP_MTOM", "handler" : {"RecordingHandler" : {"class" : "org.jboss.ws.common.invocation.RecordingServerHandler"}}}}, "property" : null}}}, "jsf" : {"default-jsf-impl-slot" : "main"}, "jdr" : {}, "batch-jberet" : {"default-job-repository" : "in-memory", "default-thread-pool" : "batch", "restart-jobs-on-resume" : true, "in-memory-job-repository" : {"in-memory" : {}}, "jdbc-job-repository" : null, "thread-factory" : null, "thread-pool" : {"batch" : {"keepalive-time" : {"time" : 30, "unit" : "SECONDS"}, "max-threads" : 10, "name" : "batch", "thread-factory" : null}}}, "deployment-scanner" : {"scanner" : {"default" : {"auto-deploy-exploded" : false, "auto-deploy-xml" : true, "auto-deploy-zipped" : true, "deployment-timeout" : 600, "path" : "deployments", "relative-to" : "jboss.server.base.dir", "runtime-failure-causes-rollback" : { "EXPRESSION_VALUE" : "${jboss.deployment.scanner.rollback.on.failure:false}" }, "scan-enabled" : true, "scan-interval" : 5000}}}, "ejb3" : {"default-clustered-sfsb-cache" : "simple", "default-distinct-name" : null, "default-entity-bean-instance-pool" : null, "default-entity-bean-optimistic-locking" : null, "default-mdb-instance-pool" : null, "default-missing-method-permissions-deny-access" : true, "default-resource-adapter-name" : "activemq-ra", "default-security-domain" : "other", "default-sfsb-cache" : "simple", "default-sfsb-passivation-disabled-cache" : "simple", "default-singleton-bean-access-timeout" : 5000, "default-slsb-instance-pool" : "slsb-strict-max-pool", "default-stateful-bean-access-timeout" : 5000, "disable-default-ejb-permissions" : true, "enable-statistics" : null, "in-vm-remote-interface-invocation-pass-by-value" : true, "log-system-exceptions" : true, "cache" : {"simple" : {"aliases" : null, "passivation-store" : null}, "distributable" : {"aliases" : ["passivating","clustered"], "passivation-store" : "infinispan"}}, "cluster-passivation-store" : null, "file-passivation-store" : null, "mdb-delivery-group" : null, "passivation-store" : {"infinispan" : {"bean-cache" : null, "cache-container" : "ejb", "max-size" : 10000}}, "remoting-profile" : null, "service" : {"timer-service" : {"default-data-store" : "default-file-store", "thread-pool-name" : "default", "database-data-store" : null, "file-data-store" : {"default-file-store" : {"path" : "timer-service-data", "relative-to" : "jboss.server.data.dir"}}}, "remote" : {"cluster" : "ejb", "connector-ref" : "http-remoting-connector", "execute-in-worker" : true, "thread-pool-name" : "default", "channel-creation-options" : null}, "async" : {"thread-pool-name" : "default"}}, "strict-max-bean-instance-pool" : {"slsb-strict-max-pool" : {"derive-size" : "from-worker-pools", "max-pool-size" : 20, "timeout" : 5, "timeout-unit" : "MINUTES"}, "mdb-strict-max-pool" : {"derive-size" : "from-cpu-count", "max-pool-size" : 20, "timeout" : 5, "timeout-unit" : "MINUTES"}}, "thread-pool" : {"default" : {"keepalive-time" : {"time" : 100, "unit" : "MILLISECONDS"}, "max-threads" : 10, "name" : "default", "thread-factory" : null}}}, "io" : {"buffer-pool" : {"default" : {"buffer-size" : null, "buffers-per-slice" : null, "direct-buffers" : null}}, "worker" : {"default" : {"io-threads" : null, "stack-size" : 0, "task-keepalive" : 60, "task-max-threads" : null}}}, "mail" : {"mail-session" : {"default" : {"debug" : false, "from" : null, "jndi-name" : "java:jboss/mail/Default", "custom" : null, "server" : {"smtp" : {"outbound-socket-binding-ref" : "mail-smtp", "password" : null, "ssl" : false, "tls" : false, "username" : null}}}}}, "sar" : {}, "resource-adapters" : {"resource-adapter" : null}}, "system-property" : null}}