{"outcome" : "success", "result" : {"java: contexts" : {"java:" : {"TransactionManager" : {"class-name" : "com.arjuna.ats.jbossatx.jta.TransactionManagerDelegate", "value" : "com.arjuna.ats.jbossatx.jta.TransactionManagerDelegate@21b760d7"}}, "java:jboss" : {"TransactionManager" : {"class-name" : "com.arjuna.ats.jbossatx.jta.TransactionManagerDelegate", "value" : "com.arjuna.ats.jbossatx.jta.TransactionManagerDelegate@21b760d7"}, "TransactionSynchronizationRegistry" : {"class-name" : "org.jboss.as.txn.service.internal.tsr.TransactionSynchronizationRegistryWrapper", "value" : "org.jboss.as.txn.service.internal.tsr.TransactionSynchronizationRegistryWrapper@3988740c"}, "UserTransaction" : {"class-name" : "javax.transaction.UserTransaction", "value" : "UserTransaction"}, "jaas" : {"class-name" : "com.sun.proxy.$Proxy38", "value" : "java:jboss/jaas/ Context proxy"}, "ee" : {"class-name" : "javax.naming.Context", "children" : {"concurrency" : {"class-name" : "javax.naming.Context", "children" : {"scheduler" : {"class-name" : "javax.naming.Context", "children" : {"default" : {"class-name" : "java.lang.Object", "value" : "?"}}}, "factory" : {"class-name" : "javax.naming.Context", "children" : {"default" : {"class-name" : "java.lang.Object", "value" : "?"}}}, "executor" : {"class-name" : "javax.naming.Context", "children" : {"default" : {"class-name" : "java.lang.Object", "value" : "?"}}}, "context" : {"class-name" : "javax.naming.Context", "children" : {"default" : {"class-name" : "java.lang.Object", "value" : "?"}}}}}}}, "infinispan" : {"class-name" : "javax.naming.Context", "children" : {"container" : {"class-name" : "javax.naming.Context", "children" : {"ejb" : {"class-name" : "org.jboss.as.clustering.infinispan.DefaultCacheContainer", "value" : "ejb"}, "hibernate" : {"class-name" : "org.jboss.as.clustering.infinispan.DefaultCacheContainer", "value" : "hibernate"}, "server" : {"class-name" : "org.jboss.as.clustering.infinispan.DefaultCacheContainer", "value" : "server"}, "web" : {"class-name" : "org.jboss.as.clustering.infinispan.DefaultCacheContainer", "value" : "web"}}}}}, "datasources" : {"class-name" : "javax.naming.Context", "children" : {"ExampleDS" : {"class-name" : "org.jboss.as.connector.subsystems.datasources.WildFlyDataSource", "value" : "org.jboss.as.connector.subsystems.datasources.WildFlyDataSource@7985ea5d"}, "demoDS" : {"class-name" : "org.jboss.as.connector.subsystems.datasources.WildFlyDataSource", "value" : "org.jboss.as.connector.subsystems.datasources.WildFlyDataSource@36533cb8"}}}, "mail" : {"class-name" : "javax.naming.Context", "children" : {"Default" : {"class-name" : "javax.mail.Session", "value" : "javax.mail.Session@6c5a0b3c"}}}}, "java:jboss/exported" : null, "java:global" : null}, "applications" : {"jTDS" : {"java:app" : {"AppName" : {"class-name" : "java.lang.String", "value" : "jTDS"}, "env" : {"class-name" : "org.jboss.as.naming.NamingContext", "value" : "env"}}, "modules" : null}}}}