<?xml version="1.0" encoding="UTF-8"?><!--
  ~ JBoss, Home of Professional Open Source.
  ~ Copyright 2010, Red Hat, Inc., and individual contributors
  ~ as indicated by the @author tags. See the copyright.txt file in the
  ~ distribution for a full listing of individual contributors.
  ~
  ~ This is free software; you can redistribute it and/or modify it
  ~ under the terms of the GNU Lesser General Public License as
  ~ published by the Free Software Foundation; either version 2.1 of
  ~ the License, or (at your option) any later version.
  ~
  ~ This software is distributed in the hope that it will be useful,
  ~ but WITHOUT ANY WARRANTY; without even the implied warranty of
  ~ MERCHANTABILITY or FITNESS FOR A PARTICULAR PURPOSE. See the GNU
  ~ Lesser General Public License for more details.
  ~
  ~ You should have received a copy of the GNU Lesser General Public
  ~ License along with this software; if not, write to the Free
  ~ Software Foundation, Inc., 51 Franklin St, Fifth Floor, Boston, MA
  ~ 02110-1301 USA, or see the FSF site: http://www.fsf.org.
  --><module xmlns="urn:jboss:module:1.3" name="org.apache.activemq.artemis.ra">
    <properties>
        <property name="jboss.api" value="private"/>
    </properties>

    <resources>
        <resource-root path="artemis-ra-1.1.0.wildfly-017.jar"/>
        <resource-root path="artemis-service-extensions-1.1.0.wildfly-017.jar"/>
    </resources>

    <dependencies>
        <module name="io.netty"/>
        <module name="javax.api"/>
        <module name="javax.jms.api"/>
        <module name="javax.resource.api"/>
        <module name="org.apache.activemq.artemis"/>
        <module name="org.jboss.as.transactions"/>
        <module name="org.jboss.jboss-transaction-spi"/>
        <module name="org.jboss.jts"/>
        <module name="org.jboss.logging"/>
        <!-- allow to create a RA that connects to a remote Artemis server -->
        <module name="org.jboss.remote-naming" optional="true"/>
        <module name="org.jgroups"/>
        <module name="org.wildfly.extension.messaging-activemq" services="import"/>
    </dependencies>
</module>