<?xml version="1.0" encoding="UTF-8"?><!--
  ~ JBoss, Home of Professional Open Source.
  ~ Copyright 2010, Red Hat, Inc., and individual contributors
  ~ as indicated by the @author tags. See the copyright.txt file in the
  ~ distribution for a full listing of individual contributors.
  ~
  ~ This is free software; you can redistribute it and/or modify it
  ~ under the terms of the GNU Lesser General Public License as
  ~ published by the Free Software Foundation; either version 2.1 of
  ~ the License, or (at your option) any later version.
  ~
  ~ This software is distributed in the hope that it will be useful,
  ~ but WITHOUT ANY WARRANTY; without even the implied warranty of
  ~ MERCHANTABILITY or FITNESS FOR A PARTICULAR PURPOSE. See the GNU
  ~ Lesser General Public License for more details.
  ~
  ~ You should have received a copy of the GNU Lesser General Public
  ~ License along with this software; if not, write to the Free
  ~ Software Foundation, Inc., 51 Franklin St, Fifth Floor, Boston, MA
  ~ 02110-1301 USA, or see the FSF site: http://www.fsf.org.
  --><module xmlns="urn:jboss:module:1.3" name="org.jboss.as.webservices.server.integration">
    <properties>
        <property name="jboss.api" value="private"/>
    </properties>

    <resources>
    </resources>

    <dependencies>
        <module export="true" name="asm.asm"/>
        <module export="true" name="javax.api"/>
        <module export="true" name="javax.jws.api"/>
        <module export="true" name="javax.wsdl4j.api"/>
        <module export="true" name="javax.xml.ws.api"/>
        <module export="true" name="com.sun.xml.bind" services="export"/>
        <module export="true" name="org.jboss.ws.api"/>
        <module export="true" name="org.jboss.ws.spi"/>
        <module export="true" name="org.jboss.ws.common" services="import"/>
        <module export="true" name="org.jboss.ws.jaxws-client" services="export">
          <imports>
            <include path="META-INF/cxf"/>
            <include path="META-INF"/>
          </imports>
          <exports>
            <include path="META-INF/cxf"/>
            <include path="META-INF"/>
          </exports>
        </module>
        <module export="true" name="org.jboss.ws.cxf.jbossws-cxf-factories" services="export"/>
        <module export="true" name="org.jboss.ws.cxf.jbossws-cxf-transports-undertow">
          <imports>
            <include path="META-INF/cxf"/>
            <include path="META-INF"/>
          </imports>
          <exports>
            <include path="META-INF/cxf"/>
            <include path="META-INF"/>
          </exports>
        </module>
        <module export="true" name="org.jboss.ws.cxf.jbossws-cxf-transports-udp">
          <imports>
            <include path="META-INF/cxf"/>
            <include path="META-INF"/>
          </imports>
          <exports>
            <include path="META-INF/cxf"/>
            <include path="META-INF"/>
          </exports>
        </module>
        <module export="true" name="org.jboss.ws.cxf.jbossws-cxf-server" services="export"/>
        <!-- Do not import services from cxf module directly, those need to come from jbossws -->
        <module export="true" name="org.apache.cxf.impl">
          <imports>
            <include path="META-INF/cxf"/>
            <include path="META-INF"/>
          </imports>
          <exports>
            <include path="META-INF/cxf"/>
            <include path="META-INF"/>
          </exports>
        </module>
        <module export="true" name="org.apache.xalan" services="export"/>
        <module export="true" name="org.apache.xerces" services="export"/>
        <module export="true" name="org.jboss.as.webservices" services="export"/>
        <module export="true" name="com.sun.xml.messaging.saaj" services="export"/>
        <module export="true" name="org.apache.ws.security"/>
        <module export="true" name="org.bouncycastle"/>
        <module name="org.jboss.xts">
          <imports>
            <include path="com.arjuna.mw.wst11.client"/>
            <include path="org.jboss.jbossts.txbridge.outbound"/>
          </imports>
        </module>
    </dependencies>
</module>