<?xml version="1.0" encoding="UTF-8"?><!--
  ~ JBoss, Home of Professional Open Source.
  ~ Copyright 2010, Red Hat, Inc., and individual contributors
  ~ as indicated by the @author tags. See the copyright.txt file in the
  ~ distribution for a full listing of individual contributors.
  ~
  ~ This is free software; you can redistribute it and/or modify it
  ~ under the terms of the GNU Lesser General Public License as
  ~ published by the Free Software Foundation; either version 2.1 of
  ~ the License, or (at your option) any later version.
  ~
  ~ This software is distributed in the hope that it will be useful,
  ~ but WITHOUT ANY WARRANTY; without even the implied warranty of
  ~ MERCHANTABILITY or FITNESS FOR A PARTICULAR PURPOSE. See the GNU
  ~ Lesser General Public License for more details.
  ~
  ~ You should have received a copy of the GNU Lesser General Public
  ~ License along with this software; if not, write to the Free
  ~ Software Foundation, Inc., 51 Franklin St, Fifth Floor, Boston, MA
  ~ 02110-1301 USA, or see the FSF site: http://www.fsf.org.
  --><module xmlns="urn:jboss:module:1.3" name="org.wildfly.clustering.server">
    <properties>
        <property name="jboss.api" value="private"/>
    </properties>

    <exports>
        <exclude path="org/wildfly/clustering/server/logging"/>
    </exports>

    <resources>
        <resource-root path="wildfly-clustering-server-10.1.0.Final.jar"/>
    </resources>

    <dependencies>
        <module name="org.infinispan"/>
        <module name="org.infinispan.commons"/>
        <module name="org.jboss.as.clustering.common"/>
        <module name="org.jboss.as.naming"/>
        <module name="org.jboss.as.server"/>
        <module name="org.jboss.logging"/>
        <module name="org.jboss.marshalling"/>
        <module name="org.jboss.msc"/>
        <module name="org.jboss.modules"/>
        <module name="org.jboss.threads"/>
        <module name="org.jgroups"/>
        <module name="org.wildfly.clustering.api"/>
        <module name="org.wildfly.clustering.ee.infinispan"/>
        <module name="org.wildfly.clustering.ee.spi"/>
        <module name="org.wildfly.clustering.infinispan.spi"/>
        <module name="org.wildfly.clustering.jgroups.spi"/>
        <module name="org.wildfly.clustering.marshalling.api"/>
        <module name="org.wildfly.clustering.marshalling.jboss" services="import"/>
        <module name="org.wildfly.clustering.service"/>
        <module name="org.wildfly.clustering.singleton"/>
        <module name="org.wildfly.clustering.spi"/>
        <module name="org.wildfly.security.elytron"/>
    </dependencies>
</module>