<?xml version="1.0" encoding="UTF-8"?><!--
  ~ JBoss, Home of Professional Open Source.
  ~ Copyright 2011, Red Hat, Inc., and individual contributors
  ~ as indicated by the @author tags. See the copyright.txt file in the
  ~ distribution for a full listing of individual contributors.
  ~
  ~ This is free software; you can redistribute it and/or modify it
  ~ under the terms of the GNU Lesser General Public License as
  ~ published by the Free Software Foundation; either version 2.1 of
  ~ the License, or (at your option) any later version.
  ~
  ~ This software is distributed in the hope that it will be useful,
  ~ but WITHOUT ANY WARRANTY; without even the implied warranty of
  ~ MERCHANTABILITY or FITNESS FOR A PARTICULAR PURPOSE. See the GNU
  ~ Lesser General Public License for more details.
  ~
  ~ You should have received a copy of the GNU Lesser General Public
  ~ License along with this software; if not, write to the Free
  ~ Software Foundation, Inc., 51 Franklin St, Fifth Floor, Boston, MA
  ~ 02110-1301 USA, or see the FSF site: http://www.fsf.org.
  --><server xmlns="urn:jboss:domain:4.2">

    <extensions>
        <extension module="org.jboss.as.connector"/>
        <extension module="org.jboss.as.ee"/>
        <extension module="org.jboss.as.ejb3"/>
        <extension module="org.jboss.as.jpa"/>
        <extension module="org.jboss.as.logging"/>
        <extension module="org.jboss.as.naming"/>
        <extension module="org.jboss.as.security"/>
        <extension module="org.jboss.as.transactions"/>
        <extension module="org.jboss.as.webservices"/>
        <extension module="org.wildfly.extension.bean-validation"/>
        <extension module="org.wildfly.iiop-openjdk"/>
    </extensions>

    <profile>
        <subsystem xmlns="urn:jboss:domain:logging:3.0">
            <console-handler name="CONSOLE">
                <level name="INFO"/>
                <formatter>
                    <named-formatter name="COLOR-PATTERN"/>
                </formatter>
            </console-handler>
            <periodic-rotating-file-handler autoflush="true" name="FILE">
                <formatter>
                    <named-formatter name="PATTERN"/>
                </formatter>
                <file path="appclient.log" relative-to="jboss.server.log.dir"/>
                <suffix value=".yyyy-MM-dd"/>
                <append value="true"/>
            </periodic-rotating-file-handler>
            <logger category="com.arjuna">
                <level name="WARN"/>
            </logger>
            <logger category="sun.rmi">
                <level name="WARN"/>
            </logger>
            <root-logger>
                <level name="INFO"/>
                <handlers>
                    <handler name="CONSOLE"/>
                    <handler name="FILE"/>
                </handlers>
            </root-logger>
            <formatter name="PATTERN">
                <pattern-formatter pattern="%d{yyyy-MM-dd HH:mm:ss,SSS} %-5p [%c] (%t) %s%E%n"/>
            </formatter>
            <formatter name="COLOR-PATTERN">
                <pattern-formatter pattern="%K{level}%d{HH:mm:ss,SSS} %-5p [%c] (%t) %s%E%n"/>
            </formatter>
        </subsystem>
        <subsystem xmlns="urn:jboss:domain:bean-validation:1.0"/>
        <subsystem xmlns="urn:jboss:domain:datasources:2.0">
            <datasources>
                <datasource enabled="true" jndi-name="java:jboss/datasources/ExampleDS" pool-name="ExampleDS" use-java-context="true">
                    <connection-url>jdbc:h2:mem:test;DB_CLOSE_DELAY=-1;DB_CLOSE_ON_EXIT=FALSE</connection-url>
                    <driver>h2</driver>
                    <security>
                        <user-name>sa</user-name>
                        <password>sa</password>
                    </security>
                </datasource>
                <drivers>
                    <driver module="com.h2database.h2" name="h2">
                        <xa-datasource-class>org.h2.jdbcx.JdbcDataSource</xa-datasource-class>
                    </driver>
                </drivers>
            </datasources>
        </subsystem>
        <subsystem xmlns="urn:jboss:domain:ee:2.0">
            <spec-descriptor-property-replacement>false</spec-descriptor-property-replacement>
            <jboss-descriptor-property-replacement>true</jboss-descriptor-property-replacement>
            <concurrent>
                <context-services>
                    <context-service jndi-name="java:jboss/ee/concurrency/context/default" name="default" use-transaction-setup-provider="true"/>
                </context-services>
                <managed-executor-services>
                    <managed-executor-service context-service="default" core-threads="5" hung-task-threshold="60000" jndi-name="java:jboss/ee/concurrency/executor/default" keepalive-time="5000" max-threads="25" name="default"/>
                </managed-executor-services>
                <managed-scheduled-executor-services>
                    <managed-scheduled-executor-service context-service="default" core-threads="2" hung-task-threshold="60000" jndi-name="java:jboss/ee/concurrency/scheduler/default" keepalive-time="3000" name="default"/>
                </managed-scheduled-executor-services>
                <managed-thread-factories>
                    <managed-thread-factory context-service="default" jndi-name="java:jboss/ee/concurrency/factory/default" name="default"/>
                </managed-thread-factories>
            </concurrent>
            <default-bindings context-service="java:jboss/ee/concurrency/context/default" datasource="java:jboss/datasources/ExampleDS" managed-executor-service="java:jboss/ee/concurrency/executor/default" managed-scheduled-executor-service="java:jboss/ee/concurrency/scheduler/default" managed-thread-factory="java:jboss/ee/concurrency/factory/default"/>
        </subsystem>
        <subsystem xmlns="urn:jboss:domain:ejb3:3.0"/>
        <subsystem xmlns="urn:jboss:domain:iiop-openjdk:1.0"/>
        <subsystem xmlns="urn:jboss:domain:jca:2.0">
            <archive-validation enabled="false"/>
            <bean-validation enabled="true"/>
            <default-workmanager>
                <short-running-threads>
                    <core-threads count="50"/>
                    <queue-length count="50"/>
                    <max-threads count="50"/>
                    <keepalive-time time="10" unit="seconds"/>
                </short-running-threads>
                <long-running-threads>
                    <core-threads count="50"/>
                    <queue-length count="50"/>
                    <max-threads count="50"/>
                    <keepalive-time time="10" unit="seconds"/>
                </long-running-threads>
            </default-workmanager>
        </subsystem>
        <subsystem xmlns="urn:jboss:domain:jpa:1.1">
            <jpa default-datasource=""/>
        </subsystem>
        <subsystem xmlns="urn:jboss:domain:naming:2.0"/>
        <subsystem xmlns="urn:jboss:domain:security:1.2">
            <security-domains>
                <security-domain cache-type="default" name="other">
                    <authentication>
                        <login-module code="Client" flag="required"/>
                    </authentication>
                </security-domain>
                <security-domain cache-type="default" name="jboss-web-policy">
                    <authorization>
                        <policy-module code="Client" flag="required"/>
                    </authorization>
                </security-domain>
                <security-domain cache-type="default" name="jboss-ejb-policy">
                    <authorization>
                        <policy-module code="Client" flag="required"/>
                    </authorization>
                </security-domain>
            </security-domains>
        </subsystem>
        <subsystem xmlns="urn:jboss:domain:transactions:2.0">
            <core-environment>
                <process-id>
                    <uuid/>
                </process-id>
            </core-environment>
            <recovery-environment socket-binding="txn-recovery-environment" status-socket-binding="txn-status-manager"/>
            <coordinator-environment default-timeout="300"/>
        </subsystem>
        <subsystem xmlns="urn:jboss:domain:webservices:1.2">
            <wsdl-host>${jboss.bind.address:127.0.0.1}</wsdl-host>
            <wsdl-port>8080</wsdl-port>
        </subsystem>
    </profile>

    <interfaces>
        <interface name="public">
           <inet-address value="${jboss.bind.address:127.0.0.1}"/>
        </interface>
    </interfaces>

    <socket-binding-group default-interface="public" name="standard-sockets">
        <socket-binding name="iiop" port="3628"/>
        <socket-binding name="iiop-ssl" port="3629"/>
        <socket-binding name="txn-recovery-environment" port="4712"/>
        <socket-binding name="txn-status-manager" port="4713"/>
    </socket-binding-group>

</server>