<?xml version="1.0" encoding="UTF-8"?><!--
  ~ JBoss, Home of Professional Open Source.
  ~ Copyright 2011, Red Hat, Inc., and individual contributors
  ~ as indicated by the @author tags. See the copyright.txt file in the
  ~ distribution for a full listing of individual contributors.
  ~
  ~ This is free software; you can redistribute it and/or modify it
  ~ under the terms of the GNU Lesser General Public License as
  ~ published by the Free Software Foundation; either version 2.1 of
  ~ the License, or (at your option) any later version.
  ~
  ~ This software is distributed in the hope that it will be useful,
  ~ but WITHOUT ANY WARRANTY; without even the implied warranty of
  ~ MERCHANTABILITY or FITNESS FOR A PARTICULAR PURPOSE. See the GNU
  ~ Lesser General Public License for more details.
  ~
  ~ You should have received a copy of the GNU Lesser General Public
  ~ License along with this software; if not, write to the Free
  ~ Software Foundation, Inc., 51 Franklin St, Fifth Floor, Boston, MA
  ~ 02110-1301 USA, or see the FSF site: http://www.fsf.org.
  --><module xmlns="urn:jboss:module:1.3" name="org.apache.cxf">

    <resources>
        <resource-root path="cxf-core-3.1.6.jar"/>
    </resources>

    <dependencies>
        <module name="org.apache.cxf.impl" services="import">
            <imports>
                <include path="META-INF/cxf"/> <!-- required to also pull in the bus extensions from META-INF -->
                <include path="META-INF"/>
            </imports>
        </module>
        <module name="asm.asm"/>
        <module name="javax.api"/>
        <module name="javax.annotation.api"/>
        <module name="javax.validation.api" optional="true"/>
        <module name="javax.jws.api"/>
        <module name="javax.mail.api"/>
        <module name="javax.resource.api"/>
        <module name="javax.wsdl4j.api"/>
        <module name="javax.xml.bind.api" services="import"/>
        <module name="com.sun.xml.bind" services="import"/>
        <module name="javax.xml.soap.api"/>
        <module name="javax.xml.stream.api"/>
        <module name="javax.xml.ws.api"/>
        <module name="com.sun.xml.fastinfoset"/>
        <module name="org.apache.neethi"/>
        <module name="org.apache.ws.xmlschema"/>
        <module name="org.codehaus.woodstox"/>
        <module name="org.apache.xml-resolver"/>
        <module name="org.springframework.spring" optional="true">
            <imports>
                <include path="META-INF"/>
            </imports>
        </module>
    </dependencies>
</module>