<?xml version="1.0" encoding="UTF-8"?><server xmlns="urn:jboss:domain:4.2">
    <management>
        <security-realms>
            <security-realm name="ManagementRealm">
                <authentication>
                    <local default-user="$local" skip-group-loading="true"/>
                    <properties path="mgmt-users.properties" relative-to="jboss.server.config.dir"/>
                </authentication>
            </security-realm>
        </security-realms>
        <management-interfaces>
            <native-interface security-realm="ManagementRealm">
                <socket-binding native="management-native"/>
            </native-interface>
            <http-interface console-enabled="false" http-upgrade-enabled="true" security-realm="ManagementRealm">
                <socket-binding http="management-http"/>
            </http-interface>
        </management-interfaces>
    </management>

    <interfaces>
        <interface name="management">
            <inet-address value="${jboss.bind.address.management:127.0.0.1}"/>
        </interface>
        <!-- the default interface -->
        <interface name="public">
            <inet-address value="${jboss.bind.address:127.0.0.1}"/>
        </interface>
    </interfaces>

    <socket-binding-group default-interface="public" name="standard-sockets">
        <socket-binding interface="management" name="management-native" port="${jboss.management.native.port:9999}"/>
        <socket-binding interface="management" name="management-http" port="9990"/>
    </socket-binding-group>
</server>