<?xml version="1.0" encoding="UTF-8"?><!--
  ~ JBoss, Home of Professional Open Source.
  ~ Copyright 2010, Red Hat, Inc., and individual contributors
  ~ as indicated by the @author tags. See the copyright.txt file in the
  ~ distribution for a full listing of individual contributors.
  ~
  ~ This is free software; you can redistribute it and/or modify it
  ~ under the terms of the GNU Lesser General Public License as
  ~ published by the Free Software Foundation; either version 2.1 of
  ~ the License, or (at your option) any later version.
  ~
  ~ This software is distributed in the hope that it will be useful,
  ~ but WITHOUT ANY WARRANTY; without even the implied warranty of
  ~ MERCHANTABILITY or FITNESS FOR A PARTICULAR PURPOSE. See the GNU
  ~ Lesser General Public License for more details.
  ~
  ~ You should have received a copy of the GNU Lesser General Public
  ~ License along with this software; if not, write to the Free
  ~ Software Foundation, Inc., 51 Franklin St, Fifth Floor, Boston, MA
  ~ 02110-1301 USA, or see the FSF site: http://www.fsf.org.
  --><module xmlns="urn:jboss:module:1.3" name="org.wildfly.mod_cluster.undertow">
    <properties>
        <property name="jboss.api" value="private"/>
    </properties>

    <resources>
        <resource-root path="wildfly-mod_cluster-undertow-10.1.0.Final.jar"/>
    </resources>

    <dependencies>
        <module name="io.undertow.core"/>
        <module name="io.undertow.servlet"/>
        <module name="javax.servlet.api"/>
        <module name="org.jboss.as.controller"/>
        <module name="org.jboss.as.clustering.common"/>
        <module name="org.jboss.as.network"/>
        <module name="org.jboss.as.server"/>
        <module name="org.jboss.logging"/>
        <module name="org.jboss.mod_cluster.container.spi"/>
        <module name="org.jboss.mod_cluster.core"/>
        <module name="org.jboss.msc"/>
        <module name="org.jboss.threads"/>
        <module name="org.jboss.xnio"/>
        <module name="org.wildfly.clustering.service"/>
        <module name="org.wildfly.extension.mod_cluster"/>
        <module name="org.wildfly.extension.undertow"/>
        <module name="org.wildfly.security.elytron"/>
        <module name="sun.jdk"/>
    </dependencies>
</module>