<?xml version="1.0" encoding="UTF-8"?><!--
  ~ JBoss, Home of Professional Open Source.
  ~ Copyright 2013, Red Hat, Inc., and individual contributors
  ~ as indicated by the @author tags. See the copyright.txt file in the
  ~ distribution for a full listing of individual contributors.
  ~
  ~ This is free software; you can redistribute it and/or modify it
  ~ under the terms of the GNU Lesser General Public License as
  ~ published by the Free Software Foundation; either version 2.1 of
  ~ the License, or (at your option) any later version.
  ~
  ~ This software is distributed in the hope that it will be useful,
  ~ but WITHOUT ANY WARRANTY; without even the implied warranty of
  ~ MERCHANTABILITY or FITNESS FOR A PARTICULAR PURPOSE. See the GNU
  ~ Lesser General Public License for more details.
  ~
  ~ You should have received a copy of the GNU Lesser General Public
  ~ License along with this software; if not, write to the Free
  ~ Software Foundation, Inc., 51 Franklin St, Fifth Floor, Boston, MA
  ~ 02110-1301 USA, or see the FSF site: http://www.fsf.org.
  --><!-- Hibernate Search Engine: the fulltext indexing and query capabilities
     without the ORM integration bits. This is reused by several other project
     outside of the Hibernate group. --><module xmlns="urn:jboss:module:1.3" name="org.hibernate.search.engine">
    <properties>
        <property name="jboss.api" value="private"/>
    </properties>
    <resources>
        <resource-root path="hibernate-search-engine-5.5.4.Final.jar"/>
    </resources>

    <dependencies>
        <module name="javax.transaction.api"/>
        <module name="org.hibernate.commons-annotations"/>
        <module export="true" name="org.apache.lucene"/>
        <module name="org.apache.lucene.internal"/>
        <module name="org.jboss.logging"/>

        <!-- optional JMS backend support -->
        <module export="true" name="org.hibernate.search.backend-jms" optional="true" services="import"/>

        <!-- optional JGroups backend support -->
        <module export="true" name="org.hibernate.search.backend-jgroups" optional="true" services="import"/>

        <!-- optional Avro serialization -->
        <module name="org.hibernate.search.serialization-avro" optional="true" services="import"/>

        <!-- Infinispan extensions - provided as separate download by the Infinispan project -->
        <module name="org.infinispan.hibernate-search.directory-provider" optional="true" services="import" slot="for-hibernatesearch-5.5"/>

        <!-- optional Apache Tika integration -->
        <module name="org.apache.tika" optional="true" slot="1.4"/>

        <!-- For naming -->
        <module name="javax.api"/>
        <module name="org.jboss.as.naming"/>
    </dependencies>
</module>