<?xml version="1.0" encoding="UTF-8"?><!--
  ~ JBoss, Home of Professional Open Source.
  ~ Copyright 2010, Red Hat, Inc., and individual contributors
  ~ as indicated by the @author tags. See the copyright.txt file in the
  ~ distribution for a full listing of individual contributors.
  ~
  ~ This is free software; you can redistribute it and/or modify it
  ~ under the terms of the GNU Lesser General Public License as
  ~ published by the Free Software Foundation; either version 2.1 of
  ~ the License, or (at your option) any later version.
  ~
  ~ This software is distributed in the hope that it will be useful,
  ~ but WITHOUT ANY WARRANTY; without even the implied warranty of
  ~ MERCHANTABILITY or FITNESS FOR A PARTICULAR PURPOSE. See the GNU
  ~ Lesser General Public License for more details.
  ~
  ~ You should have received a copy of the GNU Lesser General Public
  ~ License along with this software; if not, write to the Free
  ~ Software Foundation, Inc., 51 Franklin St, Fifth Floor, Boston, MA
  ~ 02110-1301 USA, or see the FSF site: http://www.fsf.org.
  --><module xmlns="urn:jboss:module:1.3" name="org.jboss.metadata.appclient">
    <properties>
        <property name="jboss.api" value="private"/>
    </properties>

    <resources>
        <resource-root path="jboss-metadata-appclient-10.0.0.Final.jar"/>
    </resources>

    <dependencies>
        <module name="org.jboss.metadata.common"/>
        <module name="javax.annotation.api"/>
        <module name="javax.api"/>
        <module name="javax.ejb.api" optional="true"/>
        <module name="javax.interceptor.api" optional="true"/>
        <module name="javax.jws.api" optional="true"/>
        <module name="javax.persistence.api" optional="true"/>
        <module name="javax.servlet.api" optional="true"/>
        <module name="javax.servlet.jsp.api" optional="true"/>
        <module name="javax.xml.bind.api" optional="true"/>
        <module name="javax.xml.ws.api" optional="true"/>
        <module name="org.jboss.ejb3" optional="true"/>
        <module name="org.jboss.staxmapper"/>
        <module name="org.jboss.logging"/>

        <!-- TODO WFLY-5966 validate the need for these and remove if not needed.
             Prior to WFLY-5922 they were exported by javax.ejb.api. -->
        <module name="javax.transaction.api" optional="true"/>
        <module name="javax.xml.rpc.api" optional="true"/>
        <module name="javax.rmi.api" optional="true"/>
        <module name="org.omg.api" optional="true"/>
    </dependencies>
</module>