<?xml version="1.0" encoding="UTF-8"?><!--
  ~ JBoss, Home of Professional Open Source.
  ~ Copyright 2011, Red Hat, Inc., and individual contributors
  ~ as indicated by the @author tags. See the copyright.txt file in the
  ~ distribution for a full listing of individual contributors.
  ~
  ~ This is free software; you can redistribute it and/or modify it
  ~ under the terms of the GNU Lesser General Public License as
  ~ published by the Free Software Foundation; either version 2.1 of
  ~ the License, or (at your option) any later version.
  ~
  ~ This software is distributed in the hope that it will be useful,
  ~ but WITHOUT ANY WARRANTY; without even the implied warranty of
  ~ MERCHANTABILITY or FITNESS FOR A PARTICULAR PURPOSE. See the GNU
  ~ Lesser General Public License for more details.
  ~
  ~ You should have received a copy of the GNU Lesser General Public
  ~ License along with this software; if not, write to the Free
  ~ Software Foundation, Inc., 51 Franklin St, Fifth Floor, Boston, MA
  ~ 02110-1301 USA, or see the FSF site: http://www.fsf.org.
  --><module xmlns="urn:jboss:module:1.3" name="org.jboss.ws.cxf.jbossws-cxf-client">

    <resources>
    </resources>

    <dependencies>
        <!-- JAXB API + REF IMPL -->
        <module export="true" name="javax.xml.bind.api"/>
        <module export="true" name="com.sun.xml.bind" services="export"/>
        <module export="true" name="javax.xml.ws.api"/>
        <module export="true" name="javax.jws.api"/>
        <!-- WSDL4J API -->
        <module export="true" name="javax.wsdl4j.api"/>
        <!-- JBossWS API -->
        <module export="true" name="org.jboss.ws.api"/>
        <!--  JBossWS JAXWS client -->
        <module export="true" name="org.jboss.ws.jaxws-client" services="export"/>
        <!--  JBossWS configuration of Apache CXF -->
        <module name="org.jboss.ws.cxf.jbossws-cxf-factories" services="export"/>
        <!-- Apache CXF APIs only -->
        <module export="true" name="org.apache.cxf"/>
        <module export="true" name="org.jboss.ws.cxf.jbossws-cxf-transports-undertow" services="export"/>
        <module export="true" name="org.jboss.ws.cxf.jbossws-cxf-transports-udp" services="export"/>
        <module export="true" name="org.jboss.jaxbintros"/>
        <module export="true" name="javax.security.auth.message.api"/>
        <module export="true" name="org.picketbox"/>
        <module export="true" name="org.apache.ws.security"/>
    </dependencies>
</module>