<?xml version="1.0" encoding="UTF-8"?><!--
  ~ JBoss, Home of Professional Open Source.
  ~ Copyright 2010, Red Hat, Inc., and individual contributors
  ~ as indicated by the @author tags. See the copyright.txt file in the
  ~ distribution for a full listing of individual contributors.
  ~
  ~ This is free software; you can redistribute it and/or modify it
  ~ under the terms of the GNU Lesser General Public License as
  ~ published by the Free Software Foundation; either version 2.1 of
  ~ the License, or (at your option) any later version.
  ~
  ~ This software is distributed in the hope that it will be useful,
  ~ but WITHOUT ANY WARRANTY; without even the implied warranty of
  ~ MERCHANTABILITY or FITNESS FOR A PARTICULAR PURPOSE. See the GNU
  ~ Lesser General Public License for more details.
  ~
  ~ You should have received a copy of the GNU Lesser General Public
  ~ License along with this software; if not, write to the Free
  ~ Software Foundation, Inc., 51 Franklin St, Fifth Floor, Boston, MA
  ~ 02110-1301 USA, or see the FSF site: http://www.fsf.org.
  --><module xmlns="urn:jboss:module:1.3" name="org.jboss.as.jaxrs">
    <properties>
        <property name="jboss.api" value="private"/>
    </properties>

    <exports>
        <exclude path="org/jboss/as/jaxrs/logging"/>
    </exports>

    <resources>
        <resource-root path="wildfly-jaxrs-10.1.0.Final.jar"/>
    </resources>

    <dependencies>
        <module name="javax.api"/>
        <module name="javax.enterprise.api"/>
        <module name="javax.ws.rs.api"/>
        <module name="javax.servlet.api"/>
        <module name="org.jboss.as.controller"/>
        <module name="org.jboss.as.ee"/>
        <module name="org.wildfly.security.elytron"/>
        <module name="org.jboss.as.server"/>
        <module name="org.jboss.as.web-common"/>
        <module name="org.wildfly.extension.undertow"/>
        <module name="io.undertow.servlet"/>
        <module name="org.jboss.jandex"/>
        <module name="org.jboss.metadata.common"/>
        <module name="org.jboss.metadata.web"/>
        <module name="org.jboss.modules"/>
        <module name="org.jboss.msc"/>
        <module name="org.jboss.logging"/>
        <module name="org.jboss.resteasy.resteasy-atom-provider" optional="true"/>
        <module name="org.jboss.resteasy.resteasy-cdi" optional="true"/>
        <module name="org.jboss.resteasy.resteasy-crypto" optional="true"/>
        <module name="org.jboss.resteasy.resteasy-jaxrs" optional="true"/>
        <module name="org.jboss.resteasy.resteasy-jaxb-provider" optional="true"/>
        <module name="org.jboss.resteasy.resteasy-jackson-provider" optional="true"/>
        <module name="org.jboss.resteasy.resteasy-jettison-provider" optional="true"/>
        <module name="org.jboss.resteasy.resteasy-jsapi" optional="true"/>
        <module name="org.jboss.resteasy.resteasy-multipart-provider" optional="true"/>
        <module name="org.jboss.resteasy.resteasy-spring" optional="true"/>
        <module name="org.jboss.resteasy.resteasy-validator-provider-11" optional="true"/>
        <module name="org.jboss.resteasy.resteasy-yaml-provider" optional="true"/>
        <module name="org.jboss.staxmapper"/>
        <module name="org.jboss.vfs"/>
    </dependencies>
</module>