<?xml version="1.0" encoding="UTF-8"?><host xmlns="urn:jboss:domain:4.2" name="master">
    <extensions>
        <extension module="org.jboss.as.jmx"/>
    </extensions>
    <management>
        <security-realms>
            <security-realm name="ManagementRealm">
                <authentication>
                    <local default-user="$local" skip-group-loading="true"/>
                    <properties path="mgmt-users.properties" relative-to="jboss.domain.config.dir"/>
                </authentication>
                <authorization map-groups-to-roles="false">
                    <properties path="mgmt-groups.properties" relative-to="jboss.domain.config.dir"/>
                </authorization>
            </security-realm>
            <security-realm name="ApplicationRealm">
                <server-identities>
                    <ssl>
                        <keystore alias="server" generate-self-signed-certificate-host="localhost" key-password="password" keystore-password="password" path="application.keystore" relative-to="jboss.domain.config.dir"/>
                    </ssl>
                </server-identities>
                <authentication>
                    <local allowed-users="*" default-user="$local" skip-group-loading="true"/>
                    <properties path="application-users.properties" relative-to="jboss.domain.config.dir"/>
                </authentication>
                <authorization>
                    <properties path="application-roles.properties" relative-to="jboss.domain.config.dir"/>
                </authorization>
            </security-realm>
        </security-realms>
        <audit-log>
            <formatters>
                <json-formatter name="json-formatter"/>
            </formatters>
            <handlers>
                <file-handler formatter="json-formatter" name="host-file" path="audit-log.log" relative-to="jboss.domain.data.dir"/>
                <file-handler formatter="json-formatter" name="server-file" path="audit-log.log" relative-to="jboss.server.data.dir"/>
            </handlers>
            <logger enabled="false" log-boot="true" log-read-only="false">
                <handlers>
                    <handler name="host-file"/>
                </handlers>
            </logger>
            <server-logger enabled="false" log-boot="true" log-read-only="false">
                <handlers>
                    <handler name="server-file"/>
                </handlers>
            </server-logger>
        </audit-log>
        <management-interfaces>
            <native-interface security-realm="ManagementRealm">
                <socket interface="management" port="${jboss.management.native.port:9999}"/>
            </native-interface>
            <http-interface http-upgrade-enabled="true" security-realm="ManagementRealm">
                <socket interface="management" port="${jboss.management.http.port:9990}"/>
            </http-interface>
        </management-interfaces>
    </management>
    <domain-controller>
        <local/>
        <!-- Alternative remote domain controller configuration with a host and port -->
        <!-- <remote protocol="remote" host="${jboss.domain.master.address}" port="${jboss.domain.master.port:9999}" security-realm="ManagementRealm"/> -->
    </domain-controller>
    <interfaces>
        <interface name="management">
            <inet-address value="${jboss.bind.address.management:127.0.0.1}"/>
        </interface>
        <interface name="public">
            <inet-address value="${jboss.bind.address:127.0.0.1}"/>
        </interface>
    </interfaces>
    <jvms>
        <jvm name="default">
            <heap max-size="256m" size="64m"/>
            <jvm-options>
                <option value="-server"/>
                <option value="-XX:MetaspaceSize=96m"/>
                <option value="-XX:MaxMetaspaceSize=256m"/>
            </jvm-options>
        </jvm>
    </jvms>
    <servers>
        <server group="main-server-group" name="server-one">
            <!--
              ~  Remote JPDA debugging for a specific server
              ~             <jvm name="default">
              ~               <jvm-options>
              ~                 <option value="-agentlib:jdwp=transport=dt_socket,address=8787,server=y,suspend=n"/>
              ~               </jvm-options>
              ~            </jvm>
              ~            
              -->
        </server>
        <server auto-start="true" group="main-server-group" name="server-two">
            <!--
              ~  server-two avoids port conflicts by incrementing the ports in
              ~                  the default socket-group declared in the server-group 
              -->
            <socket-bindings port-offset="150"/>
        </server>
        <server auto-start="false" group="other-server-group" name="server-three">
            <!--
              ~  server-three avoids port conflicts by incrementing the ports in
              ~                  the default socket-group declared in the server-group 
              -->
            <socket-bindings port-offset="250"/>
        </server>
    </servers>
    <profile>
        <subsystem xmlns="urn:jboss:domain:jmx:1.3">
            <expose-resolved-model/>
            <expose-expression-model/>
            <remoting-connector/>
        </subsystem>
    </profile>
</host>