<?xml version="1.0" encoding="UTF-8"?><!--
  ~ JBoss, Home of Professional Open Source.
  ~ Copyright 2011, Red Hat, Inc., and individual contributors
  ~ as indicated by the @author tags. See the copyright.txt file in the
  ~ distribution for a full listing of individual contributors.
  ~
  ~ This is free software; you can redistribute it and/or modify it
  ~ under the terms of the GNU Lesser General Public License as
  ~ published by the Free Software Foundation; either version 2.1 of
  ~ the License, or (at your option) any later version.
  ~
  ~ This software is distributed in the hope that it will be useful,
  ~ but WITHOUT ANY WARRANTY; without even the implied warranty of
  ~ MERCHANTABILITY or FITNESS FOR A PARTICULAR PURPOSE. See the GNU
  ~ Lesser General Public License for more details.
  ~
  ~ You should have received a copy of the GNU Lesser General Public
  ~ License along with this software; if not, write to the Free
  ~ Software Foundation, Inc., 51 Franklin St, Fifth Floor, Boston, MA
  ~ 02110-1301 USA, or see the FSF site: http://www.fsf.org.
  --><!-- Represents the Hibernate 5.0.x module--><module xmlns="urn:jboss:module:1.3" name="org.hibernate">
    <resources>
        <resource-root path="hibernate-core-5.0.10.Final.jar"/>
        <resource-root path="hibernate-envers-5.0.10.Final.jar"/>
        <resource-root path="hibernate-entitymanager-5.0.10.Final.jar"/>
        <resource-root path="hibernate-java8-5.0.10.Final.jar"/>
    </resources>

    <dependencies>
        <module name="asm.asm"/>
        <module name="com.fasterxml.classmate"/>
        <module name="javax.api"/>
        <module name="javax.annotation.api"/>
        <module name="javax.enterprise.api"/>
        <module name="javax.persistence.api"/>
        <module name="javax.transaction.api"/>
        <module name="javax.validation.api"/>
        <module name="javax.xml.bind.api"/>
        <module name="org.antlr"/>
        <module name="org.dom4j"/>
        <module name="org.javassist"/>
        <module name="org.jboss.as.jpa.spi"/>
        <module name="org.jboss.jandex"/>
        <module name="org.jboss.logging"/>
        <module name="org.jboss.vfs"/>
        <module name="org.hibernate.commons-annotations"/>
        <module name="org.hibernate.infinispan" optional="true" services="import"/>
        <module name="org.hibernate.jipijapa-hibernate5" services="import"/>
    </dependencies>
</module>