<?xml version="1.0" encoding="UTF-8"?><!--
  ~ JBoss, Home of Professional Open Source.
  ~ Copyright 2010, Red Hat, Inc., and individual contributors
  ~ as indicated by the @author tags. See the copyright.txt file in the
  ~ distribution for a full listing of individual contributors.
  ~
  ~ This is free software; you can redistribute it and/or modify it
  ~ under the terms of the GNU Lesser General Public License as
  ~ published by the Free Software Foundation; either version 2.1 of
  ~ the License, or (at your option) any later version.
  ~
  ~ This software is distributed in the hope that it will be useful,
  ~ but WITHOUT ANY WARRANTY; without even the implied warranty of
  ~ MERCHANTABILITY or FITNESS FOR A PARTICULAR PURPOSE. See the GNU
  ~ Lesser General Public License for more details.
  ~
  ~ You should have received a copy of the GNU Lesser General Public
  ~ License along with this software; if not, write to the Free
  ~ Software Foundation, Inc., 51 Franklin St, Fifth Floor, Boston, MA
  ~ 02110-1301 USA, or see the FSF site: http://www.fsf.org.
  --><module xmlns="urn:jboss:module:1.3" name="org.wildfly.extension.messaging-activemq">
    <properties>
        <property name="jboss.api" value="private"/>
    </properties>

    <resources>
        <resource-root path="wildfly-messaging-activemq-10.1.0.Final.jar"/>
        <resource-root path="artemis-wildfly-integration-1.0.2.jar"/>
    </resources>

    <dependencies>
        <!-- io.undertow.core is required only if http-acceptor are used -->
        <module name="io.undertow.core" optional="true"/>
        <module name="io.netty"/>
        <module name="javax.api"/>
        <module name="javax.enterprise.api"/>
        <module name="javax.jms.api"/>
        <module name="javax.resource.api"/>
        <module name="javax.transaction.api"/>
        <module name="org.apache.activemq.artemis"/>
        <module name="org.apache.activemq.artemis.ra"/>
        <module name="org.jboss.common-beans"/>
        <module name="org.jboss.as.transactions"/>
        <module name="org.jboss.staxmapper"/>
        <!-- required to provide high-level JMS CLI commands loaded by the extension -->
        <module name="org.jboss.as.cli"/>
        <module name="org.jboss.as.controller"/>
        <module name="org.jboss.as.ee"/>
        <module name="org.jboss.as.naming"/>
        <module name="org.jboss.as.network"/>
        <!-- required only to access the HttpListenerRegistryService used by http-acceptor -->
        <module name="org.jboss.as.remoting" optional="true"/>
        <module name="org.wildfly.security.elytron"/>
        <module name="org.jboss.as.server"/>
        <module name="org.jboss.as.weld"/>
        <module name="org.jboss.jandex"/>
        <module name="org.jboss.metadata.common"/>
        <module name="org.jboss.modules"/>
        <module name="org.jboss.msc"/>
        <module name="org.jboss.logging"/>
        <module name="org.jboss.ironjacamar.impl"/>
        <module name="org.jboss.ironjacamar.api"/>
        <module name="org.jboss.as.connector"/>
        <module name="org.jboss.as.security"/>
        <module name="org.jboss.vfs"/>
        <module name="org.jboss.jts"/>
        <module name="org.picketbox"/>
        <module name="org.jboss.jboss-transaction-spi"/>
        <module name="org.jboss.remote-naming"/>
        <module name="org.jboss.threads"/>
        <module name="org.jgroups" optional="true"/>
        <module name="org.jboss.weld.api"/>
        <module name="org.jboss.weld.core"/>
        <module name="org.jboss.weld.spi"/>
        <!-- org.jboss.xnio is required only if http-acceptor are used -->
        <module name="org.jboss.xnio" optional="true"/>
        <!-- org.jboss.xnio.netty.netty-xnio-transport is required only if http-acceptor are used -->
        <module name="org.jboss.xnio.netty.netty-xnio-transport" optional="true"/>
        <module name="org.wildfly.clustering.jgroups.spi" optional="true"/>
        <!-- Use the HornetQ client module to create the legacy connection factory and destination resources -->
        <module name="org.hornetq.client"/>
    </dependencies>
</module>